Name,Gender,Age,Occupation,Income,Marital Status,Credit Score,Home Loan,Vehicle Loan,Personal Loan,Education Loan,Equity Funds,Debt Funds,Hybrid Funds,Index Funds,Short-term FD,Long-term FD,Tax-savings FD,Senior Citizen FD,Health Insurance,Life Insurance,Car Insurance,Home Insurance,Stocks Investments,Bonds,Real-Estates,Commodities,Retirement Policy,Child Policy,Term Policy,Endowment Policy
Abram Sengupta,Other,31,Job,3787318,Single,2.2,0,0,1,0,0,1,0,1,0,0,0,0,1,1,1,0,0,0,0,1,0,0,1,0
Vivaan Bhagat,Male,44,Job,2826229,Single,1.8,1,0,1,0,1,1,1,1,1,1,1,1,1,0,1,1,1,1,0,0,0,1,0,0
Arnav Dhaliwal,Male,58,Job,6303494,Divorced,1.7,1,1,1,0,0,0,1,1,0,1,0,0,0,1,0,0,1,1,1,1,1,1,0,1
Nirvi Loyal,Other,27,Business,4808294,Divorced,0.9,1,0,1,0,0,1,1,1,1,0,0,1,0,1,1,1,1,1,0,0,1,1,1,0
Shayak Bhandari,Other,40,Business,5669214,Single,6.4,1,1,0,0,0,1,1,1,1,1,0,0,1,1,0,0,1,1,1,1,0,0,1,1
Gatik Iyer,Female,39,Job,1114505,Single,4.7,1,1,1,0,1,1,1,1,0,0,1,1,1,0,1,0,0,1,0,1,0,0,0,1
Hunar Sachar,Other,21,Student,0,Divorced,8.2,1,0,1,0,1,0,1,0,0,0,0,0,0,1,0,1,1,0,0,0,1,0,1,0
Lakshit Krishnan,Female,37,Business,6382539,Divorced,0.7,0,1,1,0,0,0,0,0,1,1,0,1,0,0,1,0,0,1,1,1,0,1,1,1
Tarini Sur,Other,49,Business,2038366,Married,6.6,0,1,1,0,1,0,0,1,0,0,0,0,1,1,0,0,1,0,0,0,1,1,1,1
Gatik Gupta,Male,23,Student,369010,Married,8.1,0,1,1,0,0,0,0,0,0,1,0,0,1,0,0,0,1,0,0,0,0,1,1,0
Nitara Dugal,Other,30,Business,6932002,Divorced,6.3,0,0,1,0,0,0,1,1,0,0,1,1,1,1,0,1,1,1,0,1,1,1,0,0
Aradhya Kanda,Male,34,Job,2836535,Married,8.5,0,0,0,0,1,0,1,1,1,1,1,0,1,0,1,1,0,1,1,1,0,0,0,1
Nishith Date,Male,40,Job,5518127,Divorced,9.9,0,1,0,0,0,0,1,0,0,0,0,0,0,0,0,0,0,0,1,0,0,0,0,0
Arnav Gole,Female,33,Business,1003686,Single,5.5,1,1,1,0,1,1,1,0,0,1,1,1,1,1,0,1,1,1,1,0,0,0,0,1
Ira Bhavsar,Female,33,Business,4145098,Married,7.8,0,1,0,0,1,1,1,0,0,0,0,1,0,1,0,1,1,1,1,1,1,0,1,0
Neysa Barman,Male,56,Job,5617601,Single,7.4,0,1,0,0,0,0,1,0,0,1,1,1,0,0,1,1,0,0,1,0,1,1,1,0
Samar Ramaswamy,Female,64,Retired,482020,Single,2.1,1,0,1,0,0,1,0,0,1,0,0,1,1,0,1,1,1,1,1,0,0,0,0,0
Badal Chaudhry,Male,19,Student,269636,Divorced,0.1,1,0,0,0,0,0,1,1,1,0,1,1,1,0,0,0,0,0,0,1,0,0,1,0
Jhanvi Soman,Male,64,Retired,392729,Single,9.5,1,0,1,0,1,1,0,1,1,1,0,1,0,0,0,0,0,1,1,1,1,1,0,0
Urvi Bakshi,Female,45,Job,6012914,Married,2.7,0,1,1,0,0,0,0,0,0,1,1,0,1,1,1,1,1,1,0,0,1,1,0,0
Madhav Badal,Female,33,Business,5809801,Divorced,7.4,0,0,1,0,1,0,1,1,1,1,1,0,1,1,1,1,1,1,0,1,0,0,0,1
Ritvik Sabharwal,Other,58,Job,2847550,Single,8.5,0,1,0,0,0,1,0,1,1,0,0,0,0,1,0,0,0,1,0,1,0,0,0,0
Shalv Khanna,Male,56,Business,4907965,Married,8.9,0,1,0,0,0,1,1,0,1,0,1,1,1,1,1,0,0,0,0,1,1,1,0,1
Krish Mand,Female,35,Job,4824913,Divorced,2.6,1,1,0,0,1,1,0,0,0,0,1,1,0,1,0,0,0,0,0,1,1,0,0,1
Sana Talwar,Other,67,Retired,271980,Married,7.5,1,1,1,0,1,0,0,1,1,1,0,1,1,0,1,1,0,0,1,1,0,0,1,0
Renee Jani,Male,47,Job,2254641,Married,6.2,1,1,0,0,0,0,1,1,0,1,1,1,1,0,0,1,0,1,1,0,0,1,0,1
Rohan Choudhry,Female,52,Business,2790297,Single,7.9,0,1,1,0,1,0,0,1,1,1,0,1,1,0,0,0,0,0,0,0,1,1,1,0
Mohanlal Bhandari,Other,39,Job,2219150,Single,9.9,1,1,1,0,1,1,1,1,1,0,1,1,1,1,0,1,1,1,0,1,0,0,0,1
Sana Tandon,Male,37,Job,2330517,Married,9.9,1,1,1,0,1,0,0,1,1,0,0,1,1,0,1,0,1,1,0,0,1,0,1,1
Shaan Mannan,Female,25,Student,454875,Single,4.1,0,0,1,1,1,1,1,0,0,1,1,0,1,0,0,1,0,1,1,1,1,1,1,1
Taran Sarraf,Male,22,Student,436285,Divorced,7.3,0,1,1,1,1,0,0,0,1,0,0,1,1,1,0,1,1,0,1,1,1,1,0,0
Hridaan Halder,Male,31,Job,3195448,Married,6.2,1,1,1,0,0,1,1,0,1,0,1,0,0,0,0,1,0,1,0,0,1,0,1,0
Kaira Iyengar,Male,25,Student,0,Married,9.6,0,1,1,0,0,1,0,1,0,1,1,1,1,1,0,0,0,0,0,0,0,0,1,1
Darshit Setty,Male,38,Business,6310234,Divorced,6.6,1,1,1,0,1,0,0,0,0,0,0,1,0,1,0,0,0,0,1,0,0,0,1,1
Lagan Sha,Other,50,Business,2154841,Married,8.2,1,0,1,0,0,0,0,0,1,0,1,1,0,1,0,0,1,1,1,1,0,0,0,0
Dishani Sarna,Female,18,Student,378127,Divorced,4.4,0,0,1,1,1,0,1,0,0,1,1,1,0,1,0,0,0,0,1,1,1,1,1,1
Miraan Suri,Male,36,Job,5135938,Single,3.6,1,1,0,0,1,0,0,1,1,0,1,1,0,0,1,1,0,0,1,1,1,1,1,1
Lavanya Kapadia,Male,47,Business,4392181,Married,4.1,0,1,0,0,1,1,1,0,1,0,0,1,1,0,0,1,0,0,1,1,0,0,0,0
Suhana Sura,Female,23,Student,0,Single,6.4,0,1,1,1,1,0,1,0,0,1,0,0,1,1,1,1,0,0,0,0,0,1,1,0
Samiha Sachdeva,Female,64,Retired,491068,Married,6.0,1,0,0,0,0,0,0,1,0,1,1,0,0,1,0,0,1,0,1,0,1,0,1,1
Amani Bhatt,Female,40,Job,3468549,Divorced,7.5,0,1,1,0,1,1,1,0,0,0,1,0,0,1,0,0,0,0,1,1,1,0,0,0
Shray Chaudhry,Other,61,Retired,244374,Single,8.8,1,0,0,0,1,0,0,1,0,1,1,0,0,1,1,0,1,0,0,0,0,0,1,1
Yakshit Din,Female,19,Student,0,Divorced,7.6,0,0,0,1,0,1,1,0,1,1,0,0,0,0,1,0,1,0,1,1,1,1,0,1
Tushar Verma,Female,69,Retired,461974,Divorced,3.8,1,0,0,0,1,0,1,1,1,1,0,1,0,0,1,1,0,1,0,0,0,0,1,1
Onkar Sunder,Female,43,Job,2070079,Single,7.3,0,0,0,0,0,0,1,0,0,1,1,1,0,1,1,0,1,0,1,0,1,0,1,1
Baiju Rana,Male,34,Business,4214411,Married,1.3,0,1,1,0,1,0,0,1,0,0,1,1,1,0,1,0,1,0,0,1,1,0,0,0
Samiha Wali,Female,18,Student,0,Single,7.6,1,1,0,1,1,0,0,1,0,0,0,1,1,0,1,1,1,0,1,1,0,0,0,1
Samar Kalla,Male,70,Retired,406256,Single,6.5,1,0,0,0,0,0,0,0,1,1,0,1,0,0,0,1,0,0,0,0,0,1,0,1
Gokul Bhatt,Female,29,Job,6662765,Married,0.5,1,0,1,0,1,0,0,0,0,0,0,1,0,0,0,0,0,0,0,1,0,1,0,1
Indranil Manda,Female,31,Business,6285182,Married,6.3,1,0,1,0,0,0,0,0,1,0,1,1,0,0,0,0,0,0,1,1,0,0,0,1
Dharmajan Tailor,Female,38,Business,2481997,Single,6.1,0,1,1,0,1,0,0,1,1,0,0,0,1,1,1,1,1,1,0,1,0,1,1,1
Kavya Rama,Male,63,Retired,275213,Single,6.8,0,1,1,0,0,0,0,0,0,0,0,0,1,1,0,1,1,0,0,1,0,0,0,1
Sara Doctor,Other,28,Business,2586609,Single,8.6,0,1,0,0,0,0,0,1,0,0,0,1,0,0,0,1,0,1,1,0,0,1,0,1
Saira Issac,Other,27,Job,3299046,Married,0.2,1,1,0,0,1,1,0,1,0,0,1,0,0,1,0,0,1,0,0,0,1,1,0,1
Zaina Koshy,Male,56,Business,1863529,Divorced,8.2,1,0,0,0,0,0,0,1,1,0,1,0,1,1,0,0,1,0,1,0,1,0,0,1
Lagan Rajagopal,Other,48,Business,4552376,Divorced,3.7,0,0,1,0,1,0,0,0,1,1,1,1,1,1,1,1,1,0,0,0,1,0,1,0
Shlok Subramanian,Male,59,Business,6975934,Divorced,5.0,0,0,1,0,1,0,0,1,0,0,1,1,0,0,0,0,0,1,0,1,1,0,0,0
Jayant Chauhan,Other,39,Business,5400243,Single,1.2,0,1,0,0,0,0,1,0,0,0,1,1,1,1,1,0,1,0,0,0,0,0,1,1
Hazel Dass,Male,25,Student,0,Single,8.5,0,1,0,1,1,0,1,0,1,0,1,0,1,0,0,1,0,0,1,0,0,0,0,1
Elakshi Agrawal,Other,59,Job,3421284,Divorced,6.6,1,1,1,0,0,1,0,1,0,1,0,1,1,0,0,1,0,0,0,0,1,0,0,0
Vardaniya Bhatnagar,Female,24,Student,0,Married,2.5,1,0,0,1,0,0,0,0,0,0,0,1,0,0,0,0,0,1,0,1,1,1,0,0
Sara Sampath,Male,42,Business,2135731,Divorced,8.8,1,0,0,0,0,0,1,1,1,0,0,1,1,0,1,1,0,1,1,0,0,1,0,0
Suhana Rattan,Female,47,Job,5425846,Single,7.2,0,0,0,0,0,1,0,0,0,0,1,0,0,0,1,0,1,1,1,0,1,1,0,1
Alisha Bora,Male,34,Job,5105565,Married,9.1,0,0,0,0,0,0,1,1,0,1,0,0,1,0,0,0,1,1,0,1,1,1,0,1
Lagan Samra,Female,22,Student,0,Divorced,2.6,0,0,1,0,0,0,1,0,0,1,1,1,0,0,0,1,0,0,1,0,1,1,0,0
Divij Bail,Male,53,Job,1171113,Divorced,9.0,1,0,0,0,0,1,1,0,1,1,0,1,0,1,0,1,0,0,0,1,1,1,1,0
Saksham Gandhi,Other,42,Business,4948706,Married,5.1,0,0,1,0,0,1,0,0,1,1,1,0,1,1,0,1,1,1,1,0,1,0,0,1
Kismat Bir,Other,69,Retired,256088,Married,9.8,1,1,1,0,1,1,1,0,1,0,1,1,0,0,0,1,0,1,0,0,0,1,1,0
Reyansh Lad,Male,32,Business,6844171,Divorced,6.7,1,1,1,0,0,0,1,1,0,0,1,1,0,1,1,0,1,0,1,0,1,1,0,1
Fateh Sandhu,Other,43,Job,3936375,Married,3.3,1,1,0,0,1,0,0,1,0,0,0,1,0,0,0,1,0,0,1,0,1,0,0,1
Seher Chad,Other,46,Business,5797323,Single,9.9,0,0,0,0,0,1,0,0,0,1,0,1,1,1,1,0,0,1,0,0,0,1,0,0
Taimur Gokhale,Male,31,Job,5284461,Single,8.9,0,0,1,0,1,1,1,0,0,1,0,1,1,1,1,1,0,0,1,0,0,1,0,0
Kartik Ramakrishnan,Other,56,Business,6602698,Single,2.5,1,1,1,0,1,1,1,1,0,1,1,0,0,0,1,1,1,0,0,1,0,0,0,0
Siya Karan,Other,24,Student,0,Single,8.6,1,0,0,1,0,0,0,1,0,1,1,0,0,0,1,0,0,0,0,0,1,1,0,1
Hrishita Mane,Female,29,Job,6641322,Divorced,8.9,1,0,0,0,1,0,1,0,1,0,0,1,0,1,1,1,0,0,1,0,0,0,1,1
Aarush Baral,Male,24,Student,277404,Single,0.5,0,0,1,1,0,1,1,0,1,0,0,1,0,1,1,1,0,1,1,1,1,1,1,0
Priyansh Rajagopalan,Other,59,Job,2638446,Married,8.6,1,1,1,0,1,0,1,1,1,1,0,1,1,1,1,0,1,1,0,1,1,0,0,0
Zaina Anand,Female,53,Job,4965373,Married,8.1,1,0,0,0,1,1,0,0,1,1,0,1,1,1,1,0,0,1,1,0,0,0,0,0
Ivan Luthra,Male,22,Student,0,Married,8.3,1,1,1,0,0,0,0,1,1,1,1,0,0,1,0,0,1,1,0,1,0,0,1,1
Hazel Ganguly,Other,57,Job,5478565,Divorced,7.4,0,1,1,0,0,1,0,1,1,1,0,1,1,0,1,1,0,1,0,0,1,1,1,0
Vanya Dugar,Female,57,Business,6864484,Married,7.6,1,0,0,0,1,1,0,1,0,1,1,1,0,1,0,0,0,1,0,1,0,0,0,1
Vanya Dara,Other,34,Business,4863163,Single,6.6,0,1,1,0,0,1,1,0,0,1,1,1,0,0,1,0,0,1,0,0,1,1,1,0
Adira Karnik,Other,36,Job,1988250,Single,5.4,0,0,0,0,0,1,0,0,1,0,1,0,1,1,0,1,1,0,1,0,0,1,0,1
Indrans Babu,Male,20,Student,0,Single,1.9,0,0,1,1,0,0,1,1,1,1,0,1,0,0,1,0,0,0,0,0,1,0,0,0
Akarsh Tandon,Other,38,Job,4961943,Divorced,7.7,0,1,0,0,1,1,0,0,1,0,1,0,0,0,1,0,1,0,0,0,0,1,1,1
Mamooty Chahal,Male,29,Business,2728673,Divorced,7.0,0,0,0,0,0,1,0,1,0,0,1,1,0,1,0,1,0,0,1,0,0,1,1,1
Hiran Chaudry,Female,33,Business,6416183,Divorced,9.4,0,0,0,0,0,1,1,1,0,0,1,0,1,1,0,0,1,0,0,0,0,1,1,1
Bhamini Verma,Other,27,Business,5236878,Married,6.2,0,0,0,0,1,1,1,0,1,1,1,0,0,1,1,1,1,1,1,0,0,0,0,0
Miraan Tiwari,Female,20,Student,251040,Divorced,4.0,1,0,1,1,1,1,0,1,0,1,1,1,0,1,0,0,0,0,1,0,0,0,1,1
Stuvan Saha,Female,36,Job,2129495,Married,9.5,1,1,0,0,0,0,1,0,1,0,1,1,0,0,0,1,0,1,0,0,0,0,0,1
Neelofar Yogi,Female,35,Job,3676497,Divorced,9.0,1,0,0,0,0,0,1,1,1,1,1,1,1,0,1,1,0,1,1,1,1,1,1,0
Tara Grewal,Female,29,Job,2712467,Married,6.9,1,0,1,0,1,0,0,0,1,0,0,0,1,1,1,1,1,1,1,0,1,0,1,0
Aaina Chaudhry,Male,69,Retired,486799,Married,2.4,0,1,1,0,0,1,1,1,1,0,1,0,0,1,1,1,1,0,0,0,0,1,0,0
Krish Dua,Female,39,Job,6052963,Single,4.7,1,1,1,0,0,0,0,0,0,1,1,0,0,0,0,0,1,1,1,0,1,0,0,0
Shlok Subramaniam,Male,30,Job,3248665,Single,0.8,1,1,0,0,1,0,0,0,1,0,1,0,1,0,1,0,0,0,1,0,1,1,0,0
Nehmat Lala,Male,18,Student,251368,Single,7.4,1,0,1,1,0,0,0,0,1,1,1,0,0,1,1,0,0,1,1,0,1,1,1,1
Mohanlal Varughese,Other,58,Job,6430337,Single,5.4,1,0,1,0,1,1,0,1,1,1,1,0,0,1,0,1,1,0,0,0,1,0,0,1
Kismat Swaminathan,Male,66,Retired,301251,Divorced,6.9,0,1,1,0,1,0,1,0,0,0,0,1,1,1,0,0,1,1,0,0,1,0,0,1
Zoya Kala,Male,53,Job,4472279,Married,4.1,0,0,0,0,1,0,1,0,0,0,1,1,0,1,1,0,1,1,0,1,1,1,1,1
Rania Behl,Female,68,Retired,262513,Single,8.3,1,0,1,0,0,1,1,0,1,1,1,1,1,1,0,1,0,0,1,1,1,1,0,1
Aayush Kalla,Male,48,Job,2734811,Married,6.6,1,0,0,0,0,1,0,1,1,0,0,1,0,1,1,1,1,0,0,0,0,1,1,1
Priyansh Dutta,Male,36,Business,3513589,Single,7.4,1,0,1,0,1,0,0,1,0,0,1,1,0,0,0,1,0,1,0,1,0,1,0,0
Biju Boase,Other,23,Student,0,Married,6.1,0,0,1,1,1,1,0,1,1,1,0,1,1,1,0,0,0,1,0,0,0,0,1,1
Raghav Gill,Male,47,Job,5829893,Married,2.0,1,0,0,0,1,1,0,1,0,1,0,1,0,1,1,0,1,1,1,1,1,0,0,0
Saksham Hari,Female,40,Business,1613431,Divorced,8.9,1,1,1,0,1,1,0,1,0,1,1,0,0,0,0,1,0,1,1,1,1,1,0,1
Badal Ranganathan,Male,18,Student,0,Single,8.9,1,0,1,0,0,0,0,0,1,1,1,0,1,1,0,0,1,0,1,0,0,0,1,0
Nitya Swaminathan,Female,50,Job,6395494,Single,0.2,1,1,0,0,1,0,0,0,1,0,0,0,0,0,1,1,0,0,1,0,1,1,1,1
Amira Sanghvi,Male,53,Job,2582196,Divorced,7.4,1,0,1,0,0,0,0,0,1,0,0,0,1,0,0,0,0,0,0,0,1,0,1,0
Sana Anne,Male,44,Job,2017958,Married,6.3,1,0,0,0,0,1,1,0,1,1,1,1,1,0,0,1,0,1,0,0,1,0,0,1
Siya Kannan,Other,49,Business,1538509,Married,6.7,1,1,0,0,1,1,1,1,0,1,0,1,0,1,0,1,0,0,1,1,1,0,0,0
Amira Swaminathan,Female,48,Business,1933003,Divorced,8.6,1,0,0,0,1,0,0,0,0,0,0,1,0,0,0,1,0,1,0,0,1,1,1,0
Nitara Shah,Male,49,Job,5573100,Divorced,1.6,1,0,1,0,1,0,0,1,1,0,0,1,0,0,1,1,1,0,1,0,1,0,0,0
Hazel Agrawal,Other,30,Job,1261514,Married,4.1,1,1,0,0,0,0,0,1,1,0,0,0,0,0,0,1,1,0,0,1,1,1,0,0
Dhanuk Gera,Other,50,Job,5833907,Single,10.0,0,1,1,0,1,0,0,0,1,0,0,0,0,1,1,1,0,0,1,0,1,0,0,0
Raunak Ahuja,Other,30,Job,4805034,Single,0.8,0,1,0,0,0,1,1,0,0,0,0,0,0,0,1,0,0,0,0,0,0,1,1,1
Neysa Dhingra,Female,45,Business,6606348,Single,7.0,0,0,1,0,1,1,1,0,0,1,0,0,1,1,1,0,0,0,1,0,1,0,1,1
Ryan Khalsa,Female,54,Business,3945196,Single,2.9,1,0,0,0,0,0,1,0,0,0,0,1,1,0,0,0,0,0,0,0,1,1,0,0
Parinaaz Bhasin,Other,26,Business,5738531,Married,8.6,0,1,1,0,0,0,0,1,1,1,0,1,0,1,0,0,0,0,0,1,1,1,0,1
Alisha Bandi,Female,35,Business,6588293,Married,2.9,1,0,0,0,0,0,0,1,1,1,1,0,1,1,1,1,0,1,0,1,0,1,1,1
Vaibhav Chaudhuri,Male,19,Student,0,Divorced,1.6,0,1,1,1,1,0,1,0,1,1,0,1,1,1,0,1,0,0,0,0,0,1,0,0
Ritvik Bawa,Other,45,Job,4578765,Divorced,8.0,1,0,0,0,0,1,1,0,0,1,1,0,1,0,1,1,0,0,0,1,0,1,0,0
Purab Dugar,Other,57,Job,3359647,Single,4.0,0,0,0,0,1,1,0,1,1,1,0,0,0,0,1,1,1,0,1,0,1,0,1,0
Tara Gade,Other,26,Job,6673414,Single,4.5,0,1,1,0,1,0,1,1,0,0,1,0,1,1,0,1,0,1,0,0,0,1,1,1
Stuvan Iyer,Male,43,Job,1597722,Single,2.9,1,0,0,0,0,1,0,0,0,0,0,1,0,0,1,1,1,0,0,0,1,0,0,1
Uthkarsh Lad,Male,23,Student,421180,Married,7.5,1,1,1,1,1,1,1,1,1,1,0,0,0,1,0,0,1,0,1,0,0,1,1,1
Samar Agarwal,Other,49,Business,6856926,Married,1.1,1,0,1,0,1,0,1,1,0,1,0,1,1,1,1,1,1,1,1,0,1,1,1,0
Raunak Chauhan,Other,18,Student,403511,Divorced,1.4,1,0,1,0,0,1,0,0,0,0,1,0,0,1,0,1,1,0,1,1,0,0,1,1
Alia Dugal,Female,25,Student,0,Divorced,7.0,0,0,0,1,1,1,0,1,0,1,1,0,1,1,0,1,0,0,0,1,0,0,0,0
Ayesha Balan,Female,25,Student,427813,Divorced,6.4,1,1,0,0,1,0,1,0,0,1,0,1,1,0,1,1,1,1,0,0,1,1,1,1
Mamooty Tailor,Male,28,Job,4788881,Married,7.6,1,1,1,0,0,0,1,1,0,1,0,0,0,0,1,0,0,0,0,1,0,0,1,1
Emir Kumar,Male,26,Job,1402153,Divorced,9.9,1,1,0,0,1,0,1,0,1,0,1,0,0,0,1,0,0,0,1,0,1,0,0,0
Uthkarsh Ganesan,Male,51,Business,3768761,Single,7.3,0,0,1,0,0,1,0,0,0,0,0,1,0,1,1,0,0,1,0,0,0,0,1,0
Jivika Chana,Other,39,Job,4906466,Divorced,0.5,1,0,0,0,0,1,1,1,1,0,1,1,0,0,1,0,1,0,1,0,0,0,1,0
Mohanlal Srinivasan,Female,42,Business,6813994,Married,9.1,0,1,1,0,0,1,0,1,0,0,1,1,0,1,1,1,1,0,1,1,0,0,0,0
Samaira Shere,Male,49,Job,1307109,Single,3.0,0,1,1,0,1,0,1,0,0,0,0,0,1,0,1,0,1,0,1,1,1,1,0,1
Stuvan Bedi,Female,28,Job,4410578,Single,9.3,1,0,1,0,1,0,1,0,0,0,1,1,0,1,1,0,1,1,0,1,1,1,1,0
Nitya Trivedi,Male,62,Retired,465343,Married,4.3,1,0,1,0,1,1,0,0,1,0,1,0,0,0,1,1,0,0,1,1,1,0,0,1
Kavya Balan,Female,43,Business,3663807,Single,8.1,1,0,1,0,1,1,1,0,1,0,0,0,1,0,1,1,1,1,0,0,0,0,0,0
Tejas Bhandari,Male,53,Job,1257645,Single,6.1,1,0,1,0,0,1,1,0,0,1,0,0,1,1,1,0,0,0,1,1,0,0,0,0
Samarth Johal,Female,23,Student,0,Married,8.7,1,0,1,1,1,0,0,1,1,1,0,1,1,0,1,0,1,0,1,0,0,0,1,1
Divit Wali,Other,39,Job,2464295,Single,7.7,1,0,0,0,0,0,1,1,0,0,1,1,1,1,0,1,1,1,0,1,1,1,1,1
Ranbir Acharya,Female,40,Job,6106460,Single,8.8,0,1,0,0,1,1,1,0,1,0,0,1,0,0,1,0,1,0,0,1,1,0,1,1
Shayak Vala,Other,21,Student,456687,Single,8.4,0,0,0,0,1,1,1,0,1,1,0,1,0,0,0,0,1,1,1,0,0,1,1,0
Urvi Suresh,Male,28,Job,6551121,Married,6.6,1,1,1,0,0,0,0,1,0,0,1,1,1,1,1,1,1,0,1,1,0,0,0,0
Anahi Rajagopal,Male,39,Job,5641209,Single,9.0,0,0,1,0,1,1,0,0,0,0,0,0,1,0,0,0,1,1,0,1,0,0,1,1
Emir Shukla,Female,59,Job,4679665,Divorced,7.3,1,0,1,0,1,1,1,1,1,1,0,1,0,0,1,0,1,1,1,1,0,1,1,1
Misha Krishna,Female,32,Job,2835632,Married,3.0,0,1,0,0,0,0,1,1,1,0,1,0,1,1,1,0,1,0,1,0,1,0,0,1
Trisha Shah,Other,23,Student,0,Divorced,8.5,1,1,1,1,1,0,0,0,0,1,0,0,1,1,1,0,1,1,0,0,1,1,0,1
Prerak Krishnamurthy,Female,28,Business,1236370,Married,7.5,1,1,1,0,1,1,1,0,0,1,0,0,0,1,0,1,0,0,1,1,1,1,0,1
Jayan Randhawa,Other,37,Job,2657819,Married,7.9,1,1,0,0,1,1,0,1,1,1,0,1,1,1,0,0,1,1,0,0,0,0,1,0
Keya Chad,Male,65,Retired,242815,Single,2.9,1,0,0,0,1,0,1,1,0,0,0,1,0,0,1,1,0,1,1,1,0,0,1,0
Nirvi Iyengar,Male,68,Retired,468113,Divorced,9.3,0,0,0,0,1,0,0,0,0,0,1,0,1,1,1,0,0,1,1,0,1,0,1,0
Miraya Bir,Male,32,Business,5415779,Married,6.7,0,1,1,0,1,0,1,0,1,0,0,1,0,0,1,1,1,1,0,0,1,0,0,0
Ayesha Comar,Other,51,Business,6514229,Divorced,8.5,0,1,0,0,1,0,0,0,0,1,0,1,0,1,1,0,0,1,0,1,1,1,0,1
Mishti Sastry,Female,37,Job,1135508,Married,7.4,1,0,1,0,1,1,0,0,1,0,1,0,0,0,1,0,0,0,0,0,0,0,1,1
Fateh Madan,Female,52,Business,3367975,Married,0.7,0,1,0,0,1,0,1,1,1,0,1,1,1,0,1,1,0,0,0,0,0,0,1,1
Vedika Deshmukh,Male,68,Retired,251245,Single,4.5,0,0,0,0,1,1,1,0,0,1,1,0,1,0,1,1,0,1,0,0,1,1,0,1
Aaina Barman,Other,40,Business,5596510,Single,7.5,1,1,0,0,1,0,0,0,0,0,0,0,0,0,0,1,1,1,1,0,0,0,0,0
Adah Tella,Male,51,Business,4027888,Single,2.6,1,1,0,0,1,1,1,0,0,0,0,0,0,0,0,0,1,1,0,1,0,0,0,0
Zara Vig,Female,57,Job,4548839,Single,9.0,1,0,1,0,0,0,0,1,1,0,1,1,1,1,0,1,1,0,0,0,1,0,0,0
Pranay Toor,Other,56,Business,4350470,Single,4.1,0,1,1,0,0,0,1,1,0,1,1,1,1,0,1,0,0,1,1,0,0,0,0,0
Hiran Zacharia,Female,25,Student,0,Single,7.6,0,0,0,1,1,1,0,0,1,1,1,0,1,1,1,1,1,1,0,1,0,0,0,0
Lakshay Wagle,Other,69,Retired,408336,Single,4.1,1,1,1,0,0,0,0,1,1,0,1,1,0,1,0,1,0,0,1,0,1,0,1,1
Alisha Saxena,Female,40,Job,4024712,Single,6.8,0,0,0,0,0,0,0,0,0,1,1,0,0,1,0,0,1,1,0,1,1,0,0,1
Dhruv Balasubramanian,Male,65,Retired,396692,Married,8.1,0,0,1,0,1,1,1,0,0,0,0,0,0,0,1,1,1,0,0,0,1,0,0,0
Ivan Gade,Male,23,Student,0,Divorced,1.0,0,1,1,1,0,1,1,0,0,1,1,0,1,1,0,1,1,0,1,1,1,0,1,1
Ehsaan Kannan,Male,34,Job,2223855,Divorced,8.9,1,1,1,0,1,1,1,1,1,0,1,0,0,1,1,0,0,1,0,0,1,1,0,1
Samar Buch,Female,49,Business,1043506,Divorced,7.3,1,0,1,0,1,0,0,0,1,0,0,0,1,1,0,1,0,1,1,1,1,0,1,0
Rati Dugal,Female,51,Business,4230261,Divorced,1.3,1,0,0,0,0,0,1,0,0,0,1,1,0,1,0,1,0,1,1,1,1,0,1,1
Tushar Saxena,Male,57,Business,1555155,Divorced,8.5,1,1,1,0,0,1,1,0,0,0,0,0,1,0,1,0,1,0,0,1,0,1,0,1
Anaya Kapur,Male,69,Retired,361279,Married,6.7,0,0,0,0,1,0,0,0,0,1,0,1,1,1,1,0,0,1,1,1,1,0,0,0
Kaira Barad,Male,57,Business,3753847,Single,9.3,1,1,0,0,1,0,0,1,1,0,0,1,1,0,1,1,1,1,1,0,1,1,0,0
Tejas Chaudhry,Male,45,Business,1007153,Married,8.4,1,1,1,0,1,1,0,0,0,0,1,1,0,0,0,0,1,1,1,0,1,1,0,1
Kavya Varghese,Male,25,Student,0,Single,6.9,0,1,1,0,0,0,1,0,0,1,0,1,0,1,1,1,0,1,1,0,0,0,1,1
Tejas Deol,Male,64,Retired,489242,Divorced,4.5,0,0,0,0,1,0,1,1,1,0,1,0,0,1,1,0,1,1,0,0,1,1,0,1
Divij Dubey,Male,33,Business,5061369,Single,1.4,1,1,1,0,1,0,1,1,0,1,0,1,1,1,1,0,1,0,0,0,1,0,0,0
Kiara Rao,Male,40,Job,5633234,Divorced,9.8,0,1,0,0,1,1,1,1,1,1,1,0,0,1,0,1,0,1,0,0,0,1,0,1
Shanaya Acharya,Other,28,Job,3795214,Married,6.9,0,1,1,0,0,0,1,0,0,0,0,1,0,0,0,0,0,0,1,1,1,1,0,0
Trisha Sarin,Female,34,Job,1965177,Single,0.7,0,0,0,0,1,1,0,0,0,0,0,1,0,0,0,1,0,0,0,0,0,0,0,1
Miraya Jha,Male,20,Student,424498,Single,8.0,1,0,0,1,0,0,1,0,1,0,1,0,0,0,0,0,0,0,1,0,0,0,1,1
Rati De,Female,46,Business,6755886,Single,4.7,1,0,1,0,0,1,1,0,1,0,0,1,1,0,1,1,1,0,1,0,0,1,0,0
Sara Hegde,Female,68,Retired,388322,Divorced,8.6,1,0,1,0,1,0,0,0,1,1,0,1,0,1,1,0,0,0,0,1,0,1,1,0
Mamooty Sheth,Other,49,Business,3972904,Divorced,3.4,1,1,1,0,1,0,0,1,0,0,0,1,1,1,0,0,0,0,0,1,1,0,1,1
Mehul Arya,Male,32,Business,6424032,Single,6.6,1,1,0,0,1,1,1,0,0,1,0,0,0,1,1,1,0,1,0,0,1,1,1,0
Lagan Dhingra,Female,47,Business,1662071,Single,7.1,1,0,1,0,1,1,1,1,1,0,1,0,0,0,1,1,0,0,1,0,1,1,0,1
Gatik Dhawan,Other,36,Business,6614895,Divorced,8.6,1,0,0,0,0,1,0,1,1,1,0,1,0,0,0,0,0,0,0,1,1,0,1,1
Bhamini Mandal,Male,61,Retired,239743,Divorced,0.7,0,0,0,0,0,0,0,0,1,1,1,1,1,1,0,0,1,0,1,1,0,1,0,0
Nitara Dass,Female,37,Job,1953250,Married,2.8,0,1,0,0,0,0,0,0,1,1,1,1,0,0,0,0,0,1,1,0,0,0,1,0
Elakshi Mall,Female,25,Student,231825,Married,8.9,0,0,1,0,1,0,0,0,1,0,1,1,1,0,1,1,0,0,1,1,1,1,1,0
Vihaan Devan,Male,41,Business,4272123,Married,8.7,1,0,1,0,1,0,0,0,1,1,1,1,0,1,1,1,1,1,0,0,0,0,1,0
Ayesha Bhargava,Male,50,Job,5070466,Single,6.6,1,1,1,0,1,1,0,0,1,0,1,1,1,0,1,0,0,0,0,1,0,1,1,1
Nirvaan Yogi,Female,19,Student,0,Single,7.8,1,0,1,1,1,1,1,0,0,0,1,0,0,1,1,0,0,1,1,0,0,0,0,0
Vidur Khosla,Male,27,Job,4331224,Divorced,3.9,1,1,1,0,0,1,1,0,1,0,1,0,0,0,1,0,0,0,1,0,0,0,0,0
Priyansh Mammen,Male,23,Student,0,Married,6.3,0,0,1,0,0,0,0,0,1,1,1,1,1,0,1,1,0,1,1,1,0,0,0,0
Samaira Bassi,Other,43,Job,3067118,Married,4.1,1,0,1,0,0,0,1,1,1,1,1,1,0,0,0,1,0,0,0,1,0,0,0,0
Aradhya Walia,Other,56,Job,5847131,Single,8.7,0,0,1,0,1,0,0,0,0,0,0,1,0,0,1,0,0,0,1,1,0,1,1,0
Arnav Kale,Other,20,Student,399052,Divorced,9.1,0,1,0,0,1,0,0,0,1,0,0,0,1,0,0,0,1,1,1,1,0,1,0,0
Alia Dar,Male,47,Business,5088064,Divorced,1.5,0,1,0,0,0,0,0,1,1,0,1,0,0,1,0,1,1,0,1,1,0,0,1,0
Aaina Balasubramanian,Other,30,Business,6779128,Single,8.8,1,0,0,0,1,0,1,1,0,1,1,1,1,1,1,1,0,1,1,0,0,0,1,1
Vivaan Kuruvilla,Other,21,Student,343404,Single,9.0,1,0,0,1,0,0,1,0,0,1,0,1,0,1,0,0,0,0,0,0,1,1,0,1
Trisha Verma,Male,41,Business,5127508,Single,9.4,1,1,0,0,0,0,1,1,1,1,0,1,1,0,1,0,0,1,0,1,0,1,0,1
Hunar Rajagopalan,Male,66,Retired,496322,Single,9.9,0,1,1,0,0,0,0,0,0,0,0,0,1,1,0,0,0,0,0,1,1,1,1,1
Kartik Dyal,Other,31,Business,5990936,Married,6.5,1,0,1,0,0,0,0,0,0,0,1,1,0,1,1,0,1,0,1,1,1,0,0,1
Aayush Gera,Female,49,Job,6721325,Divorced,8.8,0,1,0,0,0,1,1,1,0,0,0,0,0,0,0,1,1,1,1,0,1,0,0,0
Rohan Din,Male,45,Job,5230661,Single,4.7,0,0,0,0,1,1,0,0,1,1,1,0,1,0,0,0,0,0,0,0,1,0,1,1
Sumer Suresh,Other,26,Job,5070361,Married,7.2,0,1,0,0,0,0,1,0,0,1,0,0,1,1,1,1,0,1,1,0,1,1,0,0
Alia Jaggi,Female,64,Retired,311933,Single,0.9,1,1,0,0,1,1,0,1,1,1,1,0,1,0,1,1,1,0,0,0,1,0,1,0
Kaira Ravel,Female,40,Job,4918919,Single,8.9,1,1,0,0,1,1,0,1,0,1,0,0,1,0,1,0,0,0,1,0,0,0,1,0
Chirag Dubey,Female,24,Student,0,Single,0.2,1,1,1,0,1,1,0,1,1,0,0,0,0,0,0,0,0,0,1,1,0,1,1,1
Devansh Dave,Male,52,Business,1544792,Divorced,5.1,0,1,0,0,1,1,0,1,1,0,0,1,1,0,0,1,0,0,1,1,0,0,1,0
Madhup Saxena,Male,42,Job,2723038,Single,6.3,0,1,0,0,1,1,1,1,0,0,0,0,1,0,0,1,1,1,0,1,0,1,1,0
Vritika Buch,Female,21,Student,0,Single,1.7,1,1,0,1,1,0,1,0,0,1,1,1,0,0,1,1,0,0,0,1,0,1,0,1
Damini Khanna,Other,31,Job,2262912,Divorced,8.3,0,0,0,0,1,0,1,0,1,0,0,1,0,1,1,1,1,0,0,0,0,0,0,1
Indranil Mane,Female,55,Business,6564967,Married,3.5,0,1,0,0,1,0,0,1,1,1,0,0,0,0,1,1,1,1,0,0,0,0,0,1
Jayan Datta,Other,23,Student,0,Single,8.3,0,0,1,1,0,0,0,0,1,1,0,0,1,0,0,0,0,1,1,1,1,1,1,1
Manikya Sagar,Female,33,Business,3332504,Married,1.5,0,1,1,0,0,1,0,0,1,1,0,0,1,1,1,1,1,0,1,1,1,0,0,1
Hrishita Lanka,Other,67,Retired,248038,Single,7.6,0,1,1,0,0,0,1,1,1,0,1,1,1,0,1,0,0,1,1,0,0,0,0,0
Ela Ghose,Male,52,Job,5199921,Single,6.6,0,1,0,0,0,0,0,1,1,0,1,0,0,1,0,1,1,1,0,0,0,1,0,1
Zain Goel,Male,62,Retired,296551,Married,5.1,1,0,1,0,0,1,1,0,0,0,1,0,0,0,1,0,0,1,0,0,0,1,0,1
Ishaan Karnik,Male,64,Retired,369412,Single,8.6,0,1,0,0,1,0,0,0,1,0,0,1,1,1,0,1,1,0,0,0,0,1,0,1
Manjari Dugal,Other,69,Retired,345594,Divorced,7.1,1,0,1,0,1,0,0,1,0,0,0,0,1,0,0,0,1,1,1,1,0,1,1,0
Kavya Deshmukh,Male,29,Job,1168618,Single,8.3,1,0,0,0,1,1,0,1,1,1,1,0,0,0,1,0,1,1,1,0,0,1,0,0
Parinaaz Sarraf,Male,23,Student,0,Single,4.0,1,1,1,1,0,1,0,0,1,1,1,1,1,1,1,0,0,1,1,0,0,1,0,1
Samaira Banerjee,Male,51,Business,6399962,Single,2.4,1,0,0,0,1,0,0,1,0,0,0,1,0,0,0,1,1,1,0,0,1,0,0,0
Ishaan Mall,Female,35,Job,5846303,Single,8.5,1,0,1,0,0,1,1,0,0,0,1,1,1,0,0,1,1,1,1,0,1,1,0,0
Aayush Saxena,Male,27,Business,5865656,Single,8.1,1,1,0,0,1,0,0,0,1,0,1,1,0,1,1,0,0,0,0,0,1,0,0,1
Zoya Varkey,Female,20,Student,495173,Single,6.0,1,0,0,1,0,0,0,0,1,0,1,1,0,0,0,1,1,0,0,1,1,0,1,0
Lakshay Ravi,Other,55,Business,2872978,Single,4.3,0,0,0,0,1,1,0,1,1,1,1,0,0,1,0,1,1,0,0,0,0,0,1,0
Aniruddh Sampath,Male,57,Job,2093508,Single,6.2,0,0,1,0,1,0,1,1,1,1,1,0,0,1,1,0,0,1,0,0,0,0,0,1
Stuvan Edwin,Female,45,Business,6398010,Married,7.7,0,1,0,0,0,0,0,0,0,1,1,1,1,1,0,1,1,0,1,0,1,1,1,0
Amira Keer,Female,18,Student,218914,Single,0.5,1,0,1,0,1,0,0,1,0,1,1,0,1,1,1,0,0,0,1,0,1,0,0,1
Aaryahi Malhotra,Male,56,Job,6697884,Married,1.3,0,1,0,0,0,0,1,0,0,1,1,0,0,0,0,1,0,0,1,0,1,1,0,1
Ehsaan Tak,Female,44,Job,6086159,Single,2.2,1,1,1,0,0,1,1,0,0,1,0,0,0,1,1,1,0,0,0,1,0,1,1,1
Shayak Madan,Other,19,Student,430267,Single,8.2,0,0,1,1,1,1,1,0,0,0,1,1,1,0,1,0,0,1,0,1,1,0,1,0
Jivika Wagle,Female,26,Business,1549269,Single,8.4,1,1,1,0,0,0,0,1,1,1,1,1,0,0,1,0,0,1,0,1,0,0,1,0
Inaaya  Sarna,Male,42,Job,2461527,Single,8.4,0,0,1,0,0,1,0,1,0,1,1,0,0,1,0,1,0,1,0,0,0,0,1,1
Priyansh Bumb,Other,51,Job,5811162,Single,0.7,0,1,1,0,1,0,0,0,0,0,0,0,1,0,0,1,1,1,0,0,1,0,0,1
Raghav Bhakta,Other,25,Student,0,Single,8.2,0,0,1,1,1,1,0,1,0,0,0,1,0,1,0,1,1,0,0,1,0,0,1,0
Rhea Ravi,Female,54,Job,6031585,Divorced,2.6,1,0,0,0,1,0,1,1,0,1,1,0,1,0,0,0,1,1,1,0,0,0,0,1
Saira Vora,Male,57,Job,4760125,Single,5.4,0,1,1,0,0,1,1,0,1,1,0,1,0,1,1,0,0,0,0,1,0,1,0,1
Krish Ramanathan,Female,20,Student,370250,Single,0.3,1,1,0,0,0,1,0,1,1,0,1,0,0,1,1,1,1,0,1,1,0,0,0,0
Dhruv Madan,Male,36,Business,4494297,Married,1.4,0,1,0,0,1,0,1,0,1,1,0,0,1,0,0,0,0,0,0,0,1,1,0,1
Reyansh Grewal,Female,23,Student,0,Single,6.2,0,1,1,0,1,1,0,0,0,0,0,0,0,0,0,0,0,0,0,1,0,0,0,0
Tanya Doctor,Female,18,Student,0,Single,4.9,0,1,0,0,0,0,1,1,1,1,0,0,1,1,0,1,1,1,1,1,0,1,0,0
Yakshit Gara,Other,55,Business,2889543,Married,6.9,0,0,0,0,0,0,1,0,0,1,1,1,1,1,1,1,0,0,0,1,1,0,1,0
Jayesh Mand,Male,70,Retired,467741,Single,5.6,0,0,0,0,0,1,0,0,0,0,0,1,0,0,0,0,1,1,0,1,1,1,1,1
Ira Divan,Female,48,Job,1553137,Single,9.6,1,1,1,0,0,0,0,0,1,1,0,0,0,1,0,1,0,0,1,1,0,0,0,1
Shalv Chander,Male,29,Job,1994998,Divorced,9.1,1,1,1,0,1,1,1,0,1,0,1,1,1,1,0,1,0,1,1,0,1,1,0,0
Anahi Sabharwal,Other,27,Job,1335912,Divorced,8.0,1,1,1,0,0,0,0,1,0,1,1,0,1,1,1,0,0,1,0,0,0,1,1,0
Bhavin Kala,Female,18,Student,0,Single,1.4,1,0,1,1,0,1,0,0,0,0,1,0,0,1,1,0,1,1,0,0,0,1,0,0
Tara Manda,Female,44,Business,3031783,Married,9.9,1,1,0,0,0,1,1,1,0,1,0,1,1,1,0,1,0,0,1,0,0,1,0,0
Yuvraj  Badami,Other,20,Student,491001,Divorced,1.3,1,1,0,1,1,1,1,1,0,1,0,0,0,0,0,1,0,1,0,0,0,1,1,0
Kiaan Karan,Male,31,Job,3632251,Single,7.6,1,0,1,0,1,1,1,1,0,1,1,1,0,1,0,1,1,1,1,0,1,0,0,1
Umang Borde,Male,62,Retired,376067,Married,3.1,1,1,0,0,1,1,1,0,0,0,0,0,1,0,0,1,0,1,1,0,1,1,1,0
Onkar Wali,Female,49,Business,5438272,Divorced,6.0,0,0,0,0,1,0,0,0,0,1,0,0,1,0,0,1,1,0,1,1,0,0,0,1
Manjari Shanker,Female,58,Business,4438493,Single,7.7,1,0,0,0,1,0,1,0,0,0,1,0,0,1,0,0,1,0,0,0,1,0,1,1
Vaibhav Chauhan,Female,35,Business,5552658,Single,6.8,1,0,0,0,0,1,0,0,1,1,1,0,0,1,1,0,0,0,0,1,1,1,1,1
Umang Rana,Other,55,Job,4066230,Married,0.2,0,1,1,0,1,1,1,0,0,0,0,1,1,1,1,0,1,0,0,1,0,0,1,1
Anahita Sankar,Other,29,Business,6932873,Single,6.6,0,0,0,0,1,1,0,0,0,1,1,1,1,1,0,1,0,1,0,1,1,1,0,1
Zaina Garde,Male,57,Job,6368376,Divorced,3.9,1,0,0,0,1,1,1,0,1,0,0,1,0,0,1,0,1,1,0,0,1,0,1,1
Nakul Bhardwaj,Female,27,Job,4804682,Divorced,3.4,1,1,0,0,0,0,0,1,1,0,1,0,1,0,1,1,1,0,1,1,1,0,1,0
Trisha Sibal,Other,38,Business,6370542,Married,7.3,0,1,0,0,0,1,0,0,1,1,1,1,0,0,1,1,1,1,0,0,0,1,1,0
Trisha Kapadia,Female,46,Business,3583980,Single,7.2,1,1,0,0,0,0,0,0,1,1,1,0,1,0,1,0,0,1,0,1,0,0,0,1
Ehsaan Korpal,Other,57,Business,3169161,Single,1.4,1,0,1,0,0,1,1,0,0,0,0,0,1,1,0,1,1,1,0,1,0,0,0,1
Zaina Sachar,Female,26,Business,4175787,Single,9.7,1,0,0,0,0,1,1,1,0,0,1,1,1,1,0,0,0,1,0,0,1,1,1,1
Raunak Swamy,Male,48,Business,2869230,Single,6.3,1,0,0,0,0,0,0,0,0,0,1,0,0,1,1,1,1,0,1,1,0,1,1,1
Alisha Hans,Other,24,Student,281299,Divorced,1.9,0,1,0,0,0,1,0,1,1,1,1,1,0,1,1,0,1,0,0,0,1,1,0,0
Samarth Aggarwal,Other,24,Student,0,Divorced,7.8,1,0,0,0,0,1,0,0,1,1,1,0,1,0,0,1,1,0,0,0,1,0,1,0
Shanaya Chaudhry,Female,32,Business,3932834,Single,8.8,1,1,0,0,0,0,0,0,1,0,0,0,0,1,1,0,0,1,0,1,1,1,0,1
Ela Biswas,Other,18,Student,0,Single,6.1,1,0,1,0,0,1,1,1,1,1,0,1,0,1,0,1,1,0,1,1,1,1,1,0
Vanya Ben,Male,43,Business,6385859,Single,6.2,0,0,0,0,1,1,0,1,0,0,0,0,0,1,0,1,1,1,0,1,0,1,1,0
Krish Sankaran,Male,45,Business,5892969,Single,6.1,1,0,1,0,1,0,0,0,1,1,1,0,1,1,1,0,1,1,0,0,0,1,1,1
Adira Ganesan,Male,56,Business,1827217,Single,6.2,1,0,1,0,1,1,1,0,0,0,0,1,1,0,0,0,1,0,1,0,0,0,1,0
Arhaan Vala,Other,32,Business,4457612,Divorced,8.8,0,1,0,0,0,0,1,0,1,1,0,0,0,0,0,0,1,0,1,0,1,1,1,1
Nirvaan Mallick,Female,24,Student,230357,Single,6.7,0,0,0,1,0,0,1,0,1,0,1,1,0,0,1,0,1,1,1,1,0,0,0,1
Sana Gaba,Male,46,Job,4176152,Single,3.6,0,1,1,0,1,0,1,0,0,1,1,0,0,1,0,1,0,0,1,0,0,0,0,1
Aaryahi Chandran,Female,41,Business,3707872,Single,8.6,1,0,1,0,1,0,1,1,1,1,0,1,1,1,1,0,1,1,1,0,0,1,0,0
Ela Yogi,Male,25,Student,0,Divorced,4.2,0,0,1,0,0,1,0,1,0,1,0,0,0,1,1,1,0,1,0,1,1,0,0,0
Renee Kadakia,Other,51,Job,3450275,Married,8.5,0,1,0,0,1,0,1,0,0,1,0,0,0,1,1,1,1,1,0,1,0,1,0,0
Manikya Ghose,Male,29,Business,4288428,Divorced,5.9,1,0,0,0,1,0,0,0,0,1,0,1,0,1,0,1,0,1,1,1,1,1,0,0
Neelofar Bose,Male,27,Business,4219319,Married,8.7,1,0,1,0,0,0,1,0,1,1,1,0,1,0,0,1,0,0,0,0,0,1,1,1
Taran Sarma,Male,36,Business,2102477,Married,9.7,1,1,0,0,0,1,1,0,1,0,0,1,0,1,0,1,1,1,0,1,1,0,0,0
Gokul Madan,Other,51,Job,1645146,Married,8.6,0,1,1,0,1,1,0,0,0,1,1,0,0,1,0,0,1,1,0,0,1,1,1,0
Rania Ravel,Male,63,Retired,268397,Divorced,6.3,1,1,1,0,0,1,0,0,0,0,0,1,0,1,1,0,1,0,1,0,0,1,0,0
Diya Rajagopal,Female,52,Business,1584020,Divorced,4.4,1,1,0,0,0,1,0,0,0,0,0,1,0,1,0,1,1,0,0,0,1,0,0,1
Pihu Sani,Male,24,Student,0,Divorced,0.8,1,0,0,0,0,1,0,0,0,0,1,1,1,1,1,1,1,0,1,1,1,0,0,1
Miraya Baral,Male,45,Job,1452610,Single,4.9,1,1,1,0,1,1,1,1,1,1,1,1,1,0,1,0,0,1,0,0,0,0,1,0
Drishya Lad,Male,34,Business,2843727,Divorced,7.1,0,1,0,0,1,1,0,0,0,1,1,0,1,0,0,1,0,1,0,1,1,0,1,1
Madhav Kant,Female,47,Business,5362853,Divorced,8.2,1,1,0,0,0,1,1,0,1,1,0,1,1,1,0,0,1,0,0,1,0,0,1,0
Ritvik Rajan,Female,63,Retired,480683,Married,1.9,0,1,1,0,1,0,1,1,1,1,1,1,1,0,1,0,1,0,1,1,1,0,0,1
Sara Das,Female,45,Job,5336270,Divorced,6.3,0,0,1,0,0,0,1,0,1,1,1,1,0,1,1,0,0,1,1,1,0,1,1,0
Aniruddh Kaul,Female,53,Business,2154356,Divorced,7.5,0,1,1,0,0,1,0,1,0,1,1,0,0,1,0,0,1,0,1,0,0,0,0,1
Arhaan Seshadri,Female,48,Business,4556475,Single,6.9,0,0,1,0,1,1,0,0,0,1,1,0,0,0,0,0,0,1,1,0,1,0,0,0
Mishti Ramachandran,Male,64,Retired,202835,Married,9.0,1,0,1,0,0,1,0,1,0,1,1,0,1,1,1,0,0,1,0,0,0,0,0,0
Nayantara Sarna,Female,51,Job,5685587,Single,4.0,0,1,0,0,0,0,1,0,0,0,1,1,1,1,1,1,1,1,1,1,0,0,0,1
Kimaya Joshi,Male,29,Business,2131453,Single,2.1,0,0,1,0,0,1,0,0,0,0,1,1,0,0,0,0,1,1,1,1,1,1,0,1
Elakshi Ben,Female,39,Business,3453876,Divorced,8.5,0,0,1,0,0,1,1,0,1,0,0,1,1,1,1,0,1,0,1,0,0,1,1,0
Abram Bala,Other,40,Business,2011643,Single,9.3,0,1,0,0,0,0,1,1,0,0,1,1,1,1,1,1,0,1,0,1,1,1,0,0
Trisha Kalla,Other,48,Job,5026912,Single,7.6,0,1,1,0,1,1,1,1,1,1,1,0,0,1,0,0,1,1,1,0,1,0,1,1
Neysa Trivedi,Male,30,Business,5454876,Single,2.3,1,0,0,0,1,0,1,0,1,0,1,0,0,1,1,1,0,0,1,1,1,0,1,0
Jayesh Mahal,Other,46,Business,2083774,Divorced,7.8,0,0,1,0,0,0,0,1,1,1,1,0,1,0,0,0,0,0,0,1,1,1,1,0
Rhea Sastry,Other,33,Business,1587012,Single,9.5,1,1,0,0,0,1,0,1,1,1,0,0,1,0,0,0,0,1,0,1,0,0,0,0
Shamik Varty,Female,44,Job,1483190,Divorced,7.7,1,0,0,0,0,0,1,1,0,0,0,0,0,1,1,0,0,1,1,0,0,0,0,0
Priyansh Dass,Male,32,Business,2069949,Single,4.2,1,1,1,0,1,1,1,0,1,0,1,1,0,1,1,0,0,1,1,0,1,0,0,0
Baiju Reddy,Male,66,Retired,456875,Single,1.7,1,1,0,0,0,0,1,1,0,0,1,1,0,1,1,1,0,1,1,1,1,1,0,0
Kanav Jayaraman,Female,42,Job,2388108,Married,3.5,1,1,0,0,1,1,1,0,0,0,0,0,0,1,1,0,0,1,0,0,0,0,0,0
Darshit Tandon,Male,64,Retired,222265,Married,8.2,1,1,1,0,1,0,1,0,1,0,1,1,1,0,1,0,1,0,1,0,0,1,1,0
Akarsh Iyer,Female,44,Job,3896633,Divorced,7.4,1,1,1,0,0,1,1,0,1,1,1,1,1,1,0,0,0,1,1,0,1,1,0,0
Anika Buch,Male,19,Student,487851,Divorced,7.4,0,1,1,1,0,0,0,0,1,0,1,1,0,1,0,1,0,1,1,0,1,0,0,0
Indranil Ratta,Other,51,Job,5328423,Single,6.1,1,0,1,0,1,1,1,1,0,1,0,1,1,0,0,1,1,1,0,0,1,1,1,1
Divyansh Sethi,Female,23,Student,0,Divorced,9.6,1,0,0,1,1,1,0,1,0,0,1,0,0,1,0,0,1,1,1,1,1,1,1,0
Anay Bains,Other,61,Retired,423814,Single,2.7,1,1,1,0,1,1,0,1,1,1,1,0,1,1,1,0,1,1,0,0,1,0,1,1
Kiara Soman,Female,55,Business,4458712,Divorced,4.0,0,0,0,0,1,1,0,1,1,0,1,0,0,0,0,0,1,0,0,0,1,0,0,1
Alisha Sunder,Male,19,Student,0,Single,6.4,0,0,0,1,1,0,1,0,0,0,0,1,1,0,0,1,0,1,1,1,0,0,1,0
Myra Doshi,Male,52,Job,1604876,Single,6.8,0,0,1,0,1,0,0,1,1,0,1,1,0,0,0,0,1,1,0,1,1,0,0,0
Rania Bala,Female,21,Student,313310,Single,6.6,1,1,0,1,1,0,0,0,1,0,0,1,0,0,1,1,1,1,1,0,1,1,0,0
Advika Atwal,Female,43,Job,4129509,Single,4.8,1,1,0,0,0,0,1,0,0,1,0,0,1,1,0,1,0,1,0,1,0,1,0,0
Shanaya Sura,Female,37,Job,4391748,Divorced,0.3,1,1,0,0,1,1,0,0,0,1,1,1,0,1,0,1,0,1,0,1,1,1,0,1
Lagan Bandi,Male,52,Job,3288921,Single,6.5,0,0,0,0,1,0,0,1,0,1,1,1,0,1,1,0,0,0,0,0,1,0,0,1
Advika Shan,Female,55,Business,3600140,Single,1.4,1,1,1,0,0,1,1,0,1,1,0,1,0,0,0,1,1,0,0,1,1,0,0,1
Romil Lall,Other,22,Student,0,Married,8.1,1,1,0,1,1,1,0,0,0,0,0,1,1,0,1,1,0,0,1,0,0,0,0,0
Emir Sandal,Male,42,Job,2600654,Single,0.7,1,1,1,0,0,1,1,1,0,0,1,1,0,0,1,0,0,0,1,0,1,0,1,1
Tarini Ravel,Female,24,Student,0,Single,0.9,0,1,1,0,1,0,1,0,0,1,0,0,0,1,0,0,0,1,1,0,1,1,0,0
Krish Shenoy,Other,65,Retired,491079,Single,1.7,1,0,1,0,0,1,1,0,1,1,1,0,0,1,0,0,1,1,0,1,0,1,1,1
Prisha Luthra,Male,23,Student,326182,Single,3.8,1,1,1,1,0,1,1,0,1,1,0,0,1,0,0,0,0,1,1,1,0,1,1,0
Fateh Gaba,Other,47,Job,5666644,Married,5.5,0,1,0,0,0,1,0,0,0,1,1,0,1,1,0,0,0,0,0,1,0,1,1,0
Abram Venkataraman,Male,26,Business,1948658,Divorced,2.8,1,1,1,0,0,0,0,0,1,0,0,1,1,0,1,0,0,0,1,0,0,0,1,0
Nirvaan Behl,Male,22,Student,0,Single,7.0,0,0,1,0,0,1,0,1,0,1,1,0,0,0,1,1,0,0,0,0,0,0,0,1
Yashvi Ghosh,Female,48,Business,6741760,Married,3.3,1,0,0,0,0,0,0,0,1,0,0,0,0,1,0,0,1,1,0,0,0,0,0,0
Darshit Chawla,Other,44,Job,6521455,Married,5.7,1,1,0,0,0,0,1,0,0,1,0,0,0,0,0,1,0,1,0,0,1,0,0,0
Shamik De,Female,41,Job,2050709,Married,5.2,1,0,0,0,0,0,0,0,0,1,1,1,1,1,1,0,0,1,0,0,1,0,0,0
Mahika Chauhan,Other,23,Student,0,Divorced,2.5,1,1,1,0,1,1,0,1,0,0,0,0,0,0,1,1,1,1,0,1,0,1,1,1
Yuvaan Ganguly,Female,48,Job,5982285,Single,7.7,1,1,1,0,0,1,0,0,0,0,0,0,0,0,1,1,0,0,1,0,1,0,1,0
Kaira Lad,Female,52,Job,6314436,Single,2.3,0,1,1,0,0,0,1,0,0,0,1,0,1,0,0,0,1,1,1,0,0,1,1,1
Aaina Tella,Other,20,Student,410276,Divorced,2.4,0,0,0,1,1,0,0,1,0,1,0,1,1,0,1,1,0,0,1,0,1,1,0,0
Stuvan Ravel,Male,70,Retired,216060,Divorced,4.5,1,0,1,0,1,1,0,0,0,0,0,1,0,0,0,0,1,1,0,0,0,1,0,0
Pihu Kannan,Other,32,Business,2750240,Single,4.4,1,1,0,0,0,1,1,0,1,1,1,0,1,0,0,0,0,1,1,1,0,0,1,0
Adira Raj,Other,19,Student,0,Single,9.1,1,0,0,1,0,1,0,0,1,1,1,0,1,0,1,0,0,0,1,1,0,0,1,1
Armaan Bobal,Female,21,Student,0,Divorced,6.2,1,1,0,1,1,1,0,1,1,0,1,1,1,0,0,1,1,1,0,1,1,0,0,1
Sana Biswas,Other,25,Student,0,Divorced,8.2,1,1,0,0,0,1,0,1,0,0,0,0,0,1,1,1,1,0,1,1,1,1,1,1
Ranbir Sagar,Female,47,Job,6448890,Divorced,1.4,0,0,1,0,0,1,1,0,1,0,0,0,0,0,1,1,0,1,1,0,1,0,0,0
Samaira Goyal,Female,28,Job,2137130,Divorced,0.8,1,1,0,0,0,0,1,1,0,0,0,1,0,0,1,0,0,1,1,0,1,1,1,1
Riaan Sachdev,Male,38,Job,5544548,Married,5.1,1,1,0,0,0,1,1,1,0,0,1,0,1,0,0,1,1,0,0,0,1,0,0,1
Aayush Agate,Other,27,Job,6491016,Single,5.5,0,1,1,0,1,0,1,1,1,1,1,1,1,1,1,1,1,1,0,0,1,0,0,0
Ela Chakraborty,Male,44,Job,1607318,Divorced,9.4,1,0,0,0,1,1,0,0,0,1,1,1,1,1,1,1,1,0,0,1,1,0,0,1
Parinaaz Iyer,Female,55,Business,1169744,Divorced,2.5,0,1,0,0,1,0,1,1,1,1,0,1,0,1,1,0,0,1,0,0,0,1,1,1
Badal Borah,Other,57,Business,1421729,Divorced,8.2,0,1,0,0,0,1,1,1,0,1,0,0,1,0,1,0,0,1,0,0,0,1,0,0
Trisha Tank,Female,45,Job,3900029,Divorced,9.8,1,1,0,0,1,1,1,0,0,1,1,1,0,1,0,0,1,0,0,1,1,0,1,0
Vanya Deo,Female,26,Business,5871721,Divorced,2.2,0,1,0,0,1,1,1,1,1,0,0,0,1,0,0,1,1,0,1,1,1,1,0,0
Divij Gill,Female,45,Business,1612607,Married,8.7,0,0,0,0,1,1,0,1,0,0,1,1,1,1,0,1,0,0,0,0,1,0,1,0
Uthkarsh Venkataraman,Female,21,Student,0,Single,6.2,1,1,0,0,0,1,1,0,1,1,1,0,1,0,1,1,1,1,0,0,0,0,0,0
Onkar Bassi,Female,69,Retired,394129,Married,6.2,1,1,0,0,1,1,0,1,0,1,1,1,1,0,1,0,1,0,0,0,1,0,1,0
Ela Sandhu,Female,54,Business,2331818,Married,8.6,0,0,1,0,1,0,1,1,1,0,1,0,0,0,0,0,0,0,0,1,0,0,1,1
Gokul Dhingra,Male,32,Business,1185280,Single,6.3,1,1,0,0,1,1,0,1,1,1,0,0,0,1,0,1,1,1,1,0,1,0,0,1
Drishya Ghosh,Female,52,Job,1359153,Married,6.9,0,0,0,0,0,1,1,0,0,1,1,0,1,0,1,0,0,0,1,1,0,1,0,1
Sahil Andra,Male,49,Job,4291479,Divorced,9.5,0,1,0,0,0,1,1,1,0,0,1,1,1,0,0,0,1,0,0,0,0,1,1,1
Zoya Bhatt,Other,42,Job,2772046,Single,2.5,0,0,1,0,0,0,0,0,0,0,0,1,0,0,0,1,1,0,0,0,0,1,0,1
Riya Bera,Female,43,Job,6056060,Single,2.2,0,0,0,0,0,1,1,1,0,1,0,0,1,1,0,0,0,1,1,1,0,1,0,1
Prisha Loke,Male,69,Retired,362580,Single,2.9,0,1,1,0,1,0,1,0,0,1,1,1,0,0,1,0,1,1,1,0,1,1,0,1
Vanya Shetty,Male,55,Job,3349475,Divorced,7.8,1,0,0,0,0,1,0,0,1,1,0,0,1,0,0,1,1,1,0,0,0,0,1,0
Drishya Gokhale,Female,31,Job,6387720,Single,4.8,1,1,1,0,0,0,0,0,0,1,1,1,1,1,1,1,0,0,0,1,1,1,1,1
Manikya Hegde,Male,52,Job,6711756,Divorced,0.7,1,1,0,0,1,1,0,0,1,0,1,0,1,1,0,0,1,1,1,1,1,1,1,1
Advik Zachariah,Female,33,Business,4622160,Single,8.2,0,1,1,0,0,0,1,1,0,1,1,0,1,1,1,0,1,0,0,1,0,0,0,1
Gatik Tara,Female,27,Business,1143439,Divorced,3.1,0,1,0,0,1,0,1,0,0,0,1,1,0,0,0,1,1,1,1,0,0,1,1,0
Vritika Warrior,Female,22,Student,0,Single,8.4,0,1,0,1,0,1,1,1,1,0,0,1,0,1,1,0,0,1,0,0,1,0,0,0
Bhavin Hari,Male,52,Business,4916035,Single,6.8,1,0,1,0,0,0,0,0,1,1,0,1,1,0,0,0,0,1,1,0,0,1,1,1
Emir Ghosh,Female,56,Business,6896265,Single,6.5,0,0,0,0,1,1,1,0,1,1,0,1,1,1,0,0,0,1,1,0,0,0,1,0
Samarth Ram,Female,40,Business,3868361,Married,7.6,0,1,0,0,0,1,0,1,1,0,1,0,0,1,1,1,1,0,0,1,0,1,0,0
Badal Kata,Female,39,Job,3044322,Divorced,5.6,0,0,1,0,1,0,0,1,1,0,0,1,0,1,1,0,0,0,0,0,0,1,0,1
Hunar Kakar,Other,47,Job,6465291,Divorced,0.0,0,1,0,0,0,1,0,1,0,0,1,1,0,1,1,1,1,1,0,0,0,1,0,0
Aarna Majumdar,Female,44,Job,1446638,Married,6.9,0,0,1,0,0,0,1,1,0,0,0,1,1,0,1,0,0,1,1,1,0,1,0,1
Jayesh Handa,Female,68,Retired,377146,Married,2.9,1,0,1,0,0,1,1,1,0,1,1,0,1,1,1,1,1,0,0,1,0,0,1,0
Gokul Vaidya,Female,58,Business,2091487,Married,4.1,0,0,0,0,1,0,0,0,1,0,0,0,1,0,0,0,1,0,0,1,0,1,1,0
Emir Madan,Male,67,Retired,429709,Divorced,8.5,0,0,1,0,1,0,0,1,0,0,0,0,0,0,1,1,1,0,1,0,0,0,1,1
Pihu Chaudhry,Other,58,Business,4292731,Married,8.0,1,0,1,0,1,0,1,1,0,1,1,1,1,0,1,1,1,0,1,1,1,0,0,0
Alia Goda,Other,37,Job,2925121,Married,5.0,0,0,1,0,1,0,1,1,1,0,1,0,0,1,1,0,1,0,0,1,1,1,0,0
Ivana Biswas,Other,19,Student,0,Single,6.6,1,1,0,1,1,1,1,1,0,1,0,1,1,1,0,1,1,1,1,0,1,0,0,1
Jayan Viswanathan,Female,19,Student,330554,Single,3.3,1,1,1,0,1,0,1,0,0,1,0,1,0,1,1,1,0,0,1,0,0,0,1,1
Dhanush Zachariah,Male,46,Job,1220786,Divorced,1.0,1,0,1,0,1,0,0,1,1,0,1,0,1,0,0,1,1,1,1,1,1,0,0,0
Inaaya  Dash,Female,50,Business,2132049,Divorced,7.9,1,1,1,0,0,1,0,1,1,0,0,0,1,1,1,1,0,0,0,0,1,1,1,0
Lagan Sachar,Female,33,Job,3660436,Single,9.5,1,0,0,0,0,0,1,1,1,0,0,0,1,1,1,0,0,1,0,0,1,1,0,0
Oorja Chana,Female,45,Business,6435164,Single,5.3,1,0,1,0,0,1,0,0,1,1,0,0,0,0,0,1,0,0,0,0,1,0,1,1
Nitara Bawa,Male,23,Student,0,Divorced,0.7,0,0,1,0,1,1,1,0,0,1,1,0,1,1,0,0,0,0,1,1,1,1,1,0
Hansh Krishnan,Other,39,Job,1298880,Single,7.3,0,1,1,0,1,0,1,0,1,1,1,0,0,0,0,1,1,0,0,1,1,1,0,0
Sana Sharma,Female,47,Business,4229585,Single,8.4,0,0,0,0,0,0,1,1,0,0,1,0,1,1,0,1,1,0,0,1,1,0,0,1
Anya Ratta,Male,34,Job,6201993,Single,2.3,1,1,1,0,0,0,0,1,0,0,1,1,1,1,1,1,0,0,0,1,0,0,0,1
Vihaan Vasa,Male,58,Job,4667405,Married,7.9,1,1,0,0,1,1,0,0,0,1,0,0,0,1,1,1,0,0,0,1,0,0,1,0
Nitya Karan,Male,30,Business,1962820,Single,7.3,0,0,0,0,1,0,1,0,0,1,0,1,0,1,1,1,1,0,1,0,1,1,0,0
Ivan Sura,Other,29,Business,6499212,Single,7.6,0,1,1,0,0,1,1,0,0,0,1,1,1,1,1,0,0,0,0,1,1,1,1,0
Drishya Dugar,Other,35,Job,3975930,Divorced,9.5,0,1,1,0,0,1,0,0,0,0,0,1,1,1,0,0,1,1,1,0,1,0,1,0
Bhamini Bail,Male,67,Retired,345091,Single,8.5,0,1,0,0,1,1,1,0,1,1,0,0,0,1,1,0,1,1,0,1,1,0,0,0
Romil Krishna,Other,46,Job,6370036,Single,6.1,1,0,1,0,0,0,0,0,0,0,1,1,1,0,1,0,1,1,1,1,1,1,0,1
Taimur Kaul,Female,28,Job,6509393,Divorced,0.2,0,0,1,0,1,1,1,0,0,1,0,1,0,1,1,0,1,1,0,1,0,0,0,0
Mamooty Kibe,Female,42,Job,3005679,Married,3.6,0,0,1,0,1,0,1,1,1,1,0,0,1,1,1,0,1,0,1,1,1,1,1,0
Stuvan Gill,Female,25,Student,0,Married,9.2,1,0,1,1,1,1,0,0,1,0,0,1,1,0,0,1,1,0,0,1,0,0,1,1
Sumer Tank,Female,41,Job,6206026,Divorced,0.5,0,1,0,0,0,1,0,0,0,1,1,0,0,1,1,1,0,0,1,1,0,1,0,0
Anya Talwar,Female,34,Job,5187387,Divorced,5.1,0,1,0,0,0,0,1,1,1,0,0,1,1,1,1,1,0,1,0,0,1,1,1,1
Vivaan Chada,Female,26,Business,2990877,Divorced,8.9,1,0,1,0,1,1,1,1,1,1,0,1,0,1,1,0,1,1,1,1,0,0,1,1
Chirag Vala,Other,52,Job,3173711,Married,8.6,0,1,0,0,0,0,1,1,1,1,0,0,1,1,0,1,0,1,1,1,0,1,0,1
Shalv Varghese,Female,22,Student,0,Divorced,8.2,0,1,1,0,1,0,1,0,1,0,1,1,1,1,1,1,1,0,1,0,0,0,0,1
Advik Ram,Female,19,Student,485836,Divorced,0.6,1,1,0,1,1,0,1,0,1,0,1,1,0,1,0,1,1,0,0,1,1,0,1,1
Prisha Samra,Female,61,Retired,320007,Single,6.0,0,0,0,0,0,1,0,0,1,1,1,0,0,0,0,0,0,1,0,1,0,0,1,0
Piya Sankar,Male,35,Business,1768683,Single,8.5,1,0,0,0,1,1,0,0,0,0,1,0,0,0,1,0,1,1,1,0,1,0,1,0
Dhanush Hans,Male,57,Business,3304456,Single,1.8,0,0,0,0,0,1,0,1,0,0,1,1,0,1,0,1,0,0,0,1,0,0,1,0
Jivika Thaker,Male,59,Job,2428838,Single,7.6,0,0,0,0,0,1,0,1,0,1,0,1,1,0,1,0,1,0,0,0,1,1,1,1
Kismat Sandal,Other,23,Student,0,Single,8.6,0,1,0,1,1,0,0,1,1,0,1,0,0,1,1,1,1,0,1,0,0,0,0,1
Hazel Sharma,Male,41,Job,2682049,Single,1.3,1,0,0,0,1,0,0,1,1,1,0,0,1,1,0,0,0,0,1,0,1,0,0,1
Chirag Suri,Female,43,Job,3661795,Married,8.2,0,0,1,0,0,0,1,0,0,0,1,1,1,0,1,1,1,1,0,0,0,1,1,0
Siya Raval,Female,27,Job,2640264,Single,8.6,1,0,0,0,1,0,0,0,0,1,0,1,0,1,0,0,1,0,1,0,0,0,1,0
Himmat Lanka,Male,62,Retired,429320,Married,9.2,1,0,1,0,1,0,1,0,0,0,0,1,1,0,1,1,1,0,0,1,0,0,1,0
Fateh Rege,Other,33,Job,2949375,Married,7.2,1,1,0,0,1,0,1,0,1,1,1,0,0,0,0,1,1,0,1,1,0,1,0,1
Umang Comar,Other,37,Job,6078934,Divorced,8.3,1,0,1,0,1,0,0,0,0,1,0,0,1,1,0,1,0,0,0,1,1,1,0,0
Zeeshan Chada,Female,67,Retired,250040,Single,7.1,0,1,0,0,1,0,0,1,1,0,1,0,0,0,0,0,1,0,1,0,1,1,1,1
Sara Krishna,Other,20,Student,0,Divorced,8.1,0,1,0,1,1,1,0,1,1,1,0,1,0,0,1,0,1,1,0,0,1,0,0,1
Manikya Ganesan,Female,53,Job,5849530,Single,7.6,0,0,1,0,0,0,1,1,0,0,1,1,1,0,1,1,1,1,1,1,1,1,0,0
Zeeshan Chand,Female,47,Job,1094514,Single,0.8,1,0,0,0,1,1,0,1,0,1,0,1,1,1,0,1,1,1,0,1,1,0,1,1
Yakshit Guha,Other,19,Student,0,Single,2.0,0,0,0,0,1,0,1,1,0,0,1,0,0,0,0,0,0,0,0,1,0,1,1,1
Aradhya Bawa,Female,21,Student,0,Divorced,9.1,1,1,1,0,1,0,0,0,0,1,0,0,0,1,0,1,1,0,1,0,1,1,1,1
Mahika Rout,Other,19,Student,0,Divorced,9.5,0,0,1,1,1,0,0,0,0,1,0,0,1,1,0,0,1,1,0,1,1,0,0,1
Yuvraj  Chaudhari,Male,33,Business,6390831,Single,0.4,0,0,1,0,1,1,0,1,1,1,0,0,0,0,1,0,1,1,0,0,0,1,0,1
Indrajit Deo,Female,57,Business,6443842,Single,7.0,1,0,0,0,0,1,1,1,1,0,1,0,0,0,1,0,0,1,0,1,0,0,1,0
Diya Ravi,Male,32,Business,6680796,Divorced,9.6,0,1,0,0,0,0,1,1,0,0,0,1,0,0,1,0,1,1,1,1,1,0,0,0
Hazel Borah,Other,59,Business,4830412,Single,3.3,0,0,0,0,0,0,0,0,1,1,1,1,0,0,1,1,0,0,1,0,1,1,1,0
Suhana Sehgal,Male,23,Student,0,Married,5.6,1,0,1,0,0,1,0,1,0,1,1,1,1,1,0,0,0,1,0,1,1,0,1,1
Taran Cheema,Female,59,Business,5786953,Single,0.1,1,1,1,0,1,1,0,0,1,0,0,1,0,0,1,1,0,0,1,1,0,0,1,0
Rohan Jani,Female,34,Business,5018051,Single,5.5,0,1,0,0,1,1,1,1,0,1,1,0,0,0,1,0,1,0,0,1,0,1,0,0
Jivika Sinha,Other,57,Job,1777660,Single,3.3,0,1,1,0,0,0,1,1,0,0,1,0,0,1,0,0,1,1,0,1,0,1,1,0
Reyansh Dixit,Female,49,Job,2124108,Married,7.1,1,0,1,0,1,1,0,1,1,0,0,1,1,1,0,0,1,1,0,1,1,0,1,0
Parinaaz Deshmukh,Female,41,Job,4421109,Single,6.9,0,1,0,0,0,1,1,0,1,0,0,1,0,1,1,1,0,0,0,0,0,0,1,1
Mishti Toor,Male,31,Business,4329683,Married,8.2,1,1,0,0,0,1,0,0,0,0,0,1,0,0,1,1,0,0,1,1,1,1,0,1
Kavya Shroff,Other,37,Business,3016329,Single,0.9,0,1,0,0,1,0,0,1,1,1,0,0,1,1,1,0,0,1,1,1,0,1,0,1
Shanaya Halder,Male,25,Student,0,Married,1.3,1,0,1,1,1,1,1,0,0,1,0,0,1,1,1,1,1,0,1,0,0,0,1,0
Ishaan Bir,Other,20,Student,0,Divorced,0.1,0,0,1,1,1,0,1,1,0,0,1,0,1,1,1,1,0,1,1,0,0,0,1,0
Advika Barad,Male,31,Job,2600349,Single,9.9,0,0,0,0,0,1,1,1,1,1,0,0,0,0,1,1,0,1,1,0,1,1,1,0
Mishti Sahni,Male,48,Job,2324684,Divorced,7.8,1,1,0,0,0,0,1,1,1,1,1,0,0,0,1,0,1,0,0,1,1,1,1,1
Divyansh Kamdar,Female,64,Retired,437051,Married,0.4,0,1,0,0,0,0,0,0,0,1,0,0,1,0,0,1,0,0,0,0,1,0,1,1
Hridaan Sheth,Male,29,Job,6032726,Divorced,4.3,1,1,1,0,1,1,1,0,1,1,1,0,0,1,1,1,0,1,0,0,0,0,1,0
Hunar Thakkar,Female,20,Student,0,Single,4.4,0,0,1,1,1,1,1,0,0,1,0,1,1,1,1,1,1,0,0,1,1,1,1,1
Devansh Dara,Other,19,Student,218091,Single,7.9,0,0,1,0,0,1,1,0,0,1,1,1,1,1,1,1,1,1,1,1,0,1,0,1
Sara Shukla,Other,67,Retired,242442,Single,8.6,1,1,0,0,0,0,0,0,1,1,1,1,1,0,1,0,0,0,1,1,0,1,0,0
Madhup Bali,Other,28,Job,1757252,Divorced,2.4,0,1,1,0,1,0,0,0,0,1,1,0,1,0,0,0,1,0,0,1,0,0,0,0
Tarini Gandhi,Female,38,Business,2055593,Single,6.5,1,0,0,0,1,1,0,0,1,1,0,0,0,0,1,0,1,0,0,1,0,0,0,0
Ojas Gill,Other,41,Business,1697302,Divorced,6.2,1,1,1,0,1,0,0,1,0,1,0,1,0,0,0,1,1,0,1,1,0,1,0,0
Zain Kapur,Female,26,Business,1929233,Divorced,3.3,1,0,0,0,0,1,1,0,1,0,1,0,1,1,1,1,0,0,1,0,0,0,0,1
Hrishita Dutt,Male,56,Job,6662238,Single,7.9,1,1,1,0,0,0,1,1,1,0,1,1,1,0,0,1,1,0,1,0,0,0,1,1
Riya Ravi,Female,23,Student,316570,Divorced,0.5,0,0,1,1,0,0,1,0,1,0,1,0,0,0,0,0,1,1,0,1,0,1,0,0
Sana Mahajan,Other,37,Job,3375141,Single,0.4,1,0,0,0,0,0,0,0,0,1,0,0,1,1,1,0,1,1,1,0,0,0,1,1
Anahi Sachdeva,Female,18,Student,348082,Single,9.8,0,1,0,1,0,1,0,0,1,1,0,0,0,1,1,1,1,1,1,1,0,1,0,1
Kismat Srinivas,Male,38,Job,1834227,Divorced,7.9,0,1,0,0,0,1,0,1,1,1,0,0,1,1,0,1,0,0,0,0,0,0,0,1
Pari Setty,Female,31,Job,1678012,Single,3.7,0,0,1,0,0,0,0,0,0,1,0,1,0,1,1,0,0,0,1,0,1,0,0,0
Piya Bhardwaj,Female,49,Job,3894314,Married,1.2,1,0,0,0,0,1,1,0,1,0,1,0,1,0,1,0,0,1,1,0,0,0,1,1
Sumer Aggarwal,Male,24,Student,0,Married,6.3,0,0,0,1,1,0,0,1,0,1,1,1,0,0,1,0,1,1,1,1,0,0,0,1
Renee Sangha,Female,30,Business,3834511,Married,7.4,0,0,0,0,0,1,0,1,1,0,0,1,1,1,0,0,0,1,0,1,1,0,1,0
Zeeshan Venkatesh,Other,40,Job,5679840,Divorced,2.5,1,1,0,0,0,0,0,0,1,1,1,1,1,0,0,1,0,1,0,0,0,1,1,0
Aradhya Bhandari,Male,55,Job,6420386,Single,8.1,0,0,1,0,0,0,1,0,1,0,0,0,1,1,1,1,1,1,1,1,1,0,0,0
Farhan Barad,Female,24,Student,0,Single,8.5,0,0,0,0,1,0,1,0,0,0,0,0,0,0,0,0,1,0,1,0,1,0,0,0
Kavya Mander,Female,30,Job,1377229,Married,9.1,0,1,0,0,0,0,0,1,1,0,1,1,0,0,1,0,0,0,1,0,1,1,0,1
Devansh Sahota,Male,59,Job,3392379,Single,7.9,0,1,0,0,0,0,0,0,0,1,0,1,0,1,0,0,1,1,0,0,1,0,1,1
Samaira Shenoy,Other,42,Business,3163928,Single,9.6,0,0,0,0,1,0,1,0,1,0,0,0,1,1,1,0,1,0,1,0,0,0,1,0
Akarsh Chopra,Other,47,Job,1602518,Married,7.3,0,1,0,0,0,1,0,1,1,1,0,0,1,0,0,0,1,1,0,1,1,0,1,0
Dhanush Barad,Female,48,Business,3202415,Divorced,2.6,1,0,0,0,0,0,1,0,0,0,1,0,1,0,0,0,1,1,0,1,1,0,1,1
Zara Dave,Male,19,Student,337865,Single,9.2,0,1,0,0,1,0,0,0,0,1,0,0,0,0,0,1,0,1,0,0,1,1,0,1
Aradhya Dass,Male,30,Job,5666279,Married,6.9,1,1,0,0,1,0,1,1,0,0,1,1,1,1,0,0,0,1,1,1,1,0,0,0
Rania Shan,Male,48,Job,6486799,Single,1.3,1,0,1,0,0,0,1,1,0,0,1,0,1,1,1,0,1,1,0,1,1,1,1,0
Advika Chander,Male,49,Job,6205144,Married,3.8,1,1,1,0,0,1,1,0,1,0,0,1,1,0,0,0,0,1,1,0,1,0,0,0
Nitara Andra,Other,19,Student,301026,Single,5.1,0,0,0,0,1,1,1,0,1,1,0,1,1,1,1,0,0,1,0,0,1,1,1,1
Aarav Contractor,Male,35,Job,4470764,Single,1.4,0,1,0,0,1,1,1,1,1,1,0,1,1,0,0,0,0,1,1,1,1,1,0,1
Gokul Comar,Female,52,Business,1343632,Divorced,6.4,0,0,0,0,0,0,1,0,1,1,1,1,1,0,1,0,1,0,0,0,0,1,1,1
Adira Rege,Female,18,Student,232741,Single,4.5,0,1,1,1,0,1,1,0,0,0,0,0,0,1,1,0,0,1,0,0,0,1,0,1
Prerak Virk,Male,31,Business,2721558,Divorced,8.6,0,0,0,0,1,0,1,1,0,0,0,1,1,1,0,0,0,0,1,1,0,1,1,1
Rohan Salvi,Female,56,Job,6844472,Single,7.0,0,0,0,0,1,1,1,1,1,1,1,1,1,1,0,1,0,0,1,0,1,0,0,0
Zoya Sodhi,Other,58,Job,2886283,Single,9.5,1,0,1,0,0,0,1,1,0,0,0,0,1,0,0,1,0,1,1,0,0,0,0,0
Neelofar Wagle,Female,45,Job,4960661,Married,0.6,0,0,1,0,0,1,1,0,1,1,1,1,1,1,1,1,0,1,0,0,0,0,0,0
Nirvaan Shah,Other,34,Business,2185146,Married,2.3,1,0,1,0,1,0,0,1,0,0,0,0,0,0,1,0,1,0,1,1,0,1,0,1
Anvi Bora,Female,54,Business,4601752,Divorced,0.4,1,0,1,0,0,0,0,1,0,0,0,0,1,0,0,0,0,0,1,1,1,0,0,1
Mahika Kurian,Male,27,Job,4699762,Divorced,3.9,0,0,0,0,1,1,1,1,0,1,0,0,1,1,1,0,1,1,0,0,1,1,1,0
Dhruv Tak,Male,40,Business,3756196,Married,9.6,1,1,0,0,1,1,0,1,1,0,0,0,0,0,1,0,1,0,0,0,1,1,1,0
Dhanuk Varghese,Female,39,Business,5152907,Divorced,2.1,1,0,0,0,0,0,0,0,0,1,0,0,0,0,1,1,0,1,1,1,1,0,0,0
Veer Rattan,Other,60,Retired,261904,Divorced,1.3,0,1,0,0,0,0,0,1,1,0,1,1,1,0,0,1,1,1,1,1,0,0,1,1
Tiya Sankar,Male,49,Job,3181569,Single,4.9,0,1,0,0,1,0,1,0,0,1,1,0,1,0,0,0,0,1,1,0,0,1,1,1
Aaina Ahuja,Male,56,Job,5971933,Single,2.3,1,1,1,0,0,1,1,1,0,0,0,0,0,0,1,0,1,0,0,1,0,1,0,0
Mishti Ahluwalia,Female,32,Job,4537551,Divorced,2.9,0,1,0,0,0,0,1,1,0,0,1,0,1,0,1,1,0,0,1,0,1,0,1,1
Vaibhav Lall,Other,20,Student,0,Single,7.2,1,1,0,0,0,1,1,1,1,1,1,1,0,1,0,0,1,1,0,1,1,0,1,0
Divij Kunda,Other,23,Student,0,Single,9.2,0,0,1,1,1,0,0,1,1,0,0,1,1,1,1,1,0,1,1,1,1,1,0,0
Divit Dara,Other,47,Business,2775786,Divorced,6.9,1,1,1,0,0,0,1,1,0,0,1,0,0,1,0,0,0,0,0,0,1,0,1,0
Hunar Sandhu,Female,24,Student,0,Married,2.3,1,0,1,0,0,0,0,1,1,1,1,0,0,1,0,0,0,1,1,1,1,0,1,1
Siya Sandal,Male,63,Retired,426921,Single,5.4,1,0,0,0,0,0,1,1,1,0,1,1,0,1,1,0,1,0,1,1,0,1,0,0
Divyansh Dash,Male,46,Business,2009456,Divorced,3.8,0,0,0,0,0,0,0,1,1,1,0,1,0,1,1,0,1,1,1,0,1,0,0,0
Arnav Halder,Female,29,Business,3122923,Single,0.8,1,0,1,0,1,0,0,1,1,1,0,1,1,0,0,1,0,1,1,0,1,1,1,0
Arnav Dey,Male,60,Retired,243331,Divorced,1.9,1,0,1,0,1,0,0,0,1,0,0,0,0,1,1,0,1,0,0,0,1,0,1,1
Kashvi Varkey,Female,33,Job,4144282,Divorced,8.7,0,1,1,0,1,0,1,1,0,0,1,0,0,0,0,1,0,0,0,1,1,1,0,0
Jayesh Cherian,Male,26,Job,4715203,Single,5.6,0,1,1,0,1,1,1,1,1,0,1,0,1,0,0,1,1,0,1,1,1,0,0,0
Ivana Toor,Other,45,Business,5460645,Divorced,9.7,1,0,0,0,1,1,0,1,1,1,1,1,0,1,0,1,1,1,1,0,1,1,0,1
Tanya Sani,Male,35,Business,5849296,Single,9.9,1,0,0,0,1,1,0,0,0,0,1,1,0,1,0,1,1,0,1,0,1,0,0,1
Shanaya Kunda,Male,55,Job,2883409,Single,8.4,0,0,1,0,1,0,1,0,0,0,1,1,0,1,1,1,1,0,0,1,0,1,0,0
Kimaya Tank,Female,48,Job,3607777,Married,6.1,1,0,1,0,1,1,0,0,1,1,0,0,1,1,1,1,1,0,0,1,0,0,0,0
Oorja Kalla,Male,45,Job,6492577,Divorced,4.2,0,0,0,0,1,1,1,0,1,1,0,0,0,1,0,1,0,1,0,0,1,0,1,1
Badal Atwal,Female,61,Retired,483597,Married,9.7,0,1,1,0,0,0,1,0,1,1,1,1,1,1,0,1,1,1,0,0,1,0,1,1
Tanya Sabharwal,Female,52,Business,1423046,Divorced,8.1,1,1,0,0,0,0,1,0,1,0,1,1,0,0,1,1,1,1,1,0,0,1,1,1
Rohan Buch,Female,35,Business,5013424,Single,3.1,0,0,1,0,0,0,0,1,0,1,1,0,1,1,1,0,1,0,0,0,1,0,1,1
Gatik Dhaliwal,Other,21,Student,0,Divorced,1.4,0,1,0,0,1,0,0,1,0,0,1,1,1,1,1,1,1,0,0,0,1,1,0,1
Mishti Sandal,Other,35,Job,6056697,Divorced,7.7,0,0,0,0,0,0,1,1,0,1,1,0,1,0,0,1,1,1,0,1,1,0,0,1
Kiaan Joshi,Male,52,Job,2591083,Divorced,9.5,1,0,0,0,0,1,0,0,1,0,0,0,0,0,0,1,1,0,0,0,0,1,1,1
Kavya Bali,Female,66,Retired,424609,Married,4.3,1,0,1,0,0,1,0,0,0,0,1,1,0,0,1,1,0,1,1,1,0,0,0,0
Prerak Bedi,Other,52,Job,6284114,Single,9.3,1,0,0,0,0,1,1,0,0,1,1,0,1,0,1,1,0,0,0,1,0,1,0,1
Ela Desai,Male,61,Retired,304502,Married,6.2,1,1,0,0,0,1,0,1,1,1,0,1,0,0,0,0,0,0,0,0,1,1,0,1
Renee Karan,Male,48,Business,5465489,Married,0.9,0,1,1,0,1,1,0,1,1,1,1,1,1,0,0,0,0,0,1,0,0,0,1,1
Manikya Khanna,Male,29,Business,5535022,Divorced,0.7,0,0,1,0,0,0,1,1,1,0,1,0,0,1,0,0,1,1,1,0,1,0,0,0
Samarth Sarma,Female,36,Job,3383779,Married,9.0,1,1,1,0,0,0,1,1,1,1,1,1,0,1,1,0,0,1,1,1,1,1,0,1
Anya Gour,Male,37,Business,2323460,Married,8.6,0,0,1,0,0,1,0,1,0,0,0,0,0,0,1,0,1,1,1,0,1,0,1,1
Taran Chaudhari,Other,69,Retired,421044,Single,3.3,0,0,0,0,1,0,1,0,0,1,0,0,1,1,0,0,0,0,1,0,0,0,0,0
Vihaan Mane,Other,49,Job,3136398,Divorced,3.0,1,0,0,0,1,0,1,0,1,1,0,0,0,1,0,0,0,0,1,0,0,0,1,0
Sumer Mane,Male,52,Job,2905053,Single,1.2,0,0,0,0,1,0,1,1,1,1,0,0,0,0,0,0,1,1,0,0,1,1,0,0
Jivin Rattan,Other,20,Student,0,Single,0.2,0,0,1,0,0,1,1,1,0,1,0,1,1,0,1,1,0,0,0,1,1,1,0,0
Raghav Shah,Female,33,Job,3065936,Single,5.8,1,1,1,0,1,1,0,1,0,0,0,0,1,1,0,0,1,0,1,0,1,1,0,1
Azad Gulati,Male,18,Student,458609,Single,3.0,0,1,0,0,0,0,0,1,1,1,0,0,0,0,0,1,0,1,0,0,0,0,1,1
Piya Mahajan,Female,67,Retired,427729,Single,7.5,1,0,1,0,0,1,1,1,0,1,1,1,1,0,0,0,1,0,0,0,0,0,1,0
Aaina Deep,Male,19,Student,380628,Single,3.8,1,1,1,1,0,0,1,1,0,0,1,1,1,0,0,1,0,1,1,1,0,0,1,0
Ranbir Vasa,Male,19,Student,279202,Single,0.1,0,0,0,1,0,1,1,1,0,1,1,1,0,0,1,0,1,1,0,0,1,0,0,1
Kismat Bali,Male,47,Business,6139593,Married,9.3,1,1,0,0,0,1,0,0,1,0,0,1,0,1,0,0,0,1,0,1,1,1,1,0
Anaya Bir,Other,46,Business,3256575,Single,0.0,1,0,0,0,0,1,1,1,0,0,0,0,0,0,0,1,0,1,1,0,0,1,0,1
Divit Sani,Male,58,Business,5703958,Divorced,8.9,1,0,1,0,1,1,0,1,1,0,0,1,0,1,1,0,1,1,1,0,1,0,1,0
Tarini Mammen,Male,44,Job,4454891,Divorced,9.6,1,1,0,0,0,1,1,0,0,1,0,1,1,0,0,0,1,1,0,1,0,0,1,0
Shanaya Vaidya,Other,36,Business,5293972,Married,0.2,0,1,0,0,1,1,0,0,0,0,1,0,1,0,1,0,0,1,1,1,0,0,1,0
Ahana  Sodhi,Female,67,Retired,485900,Single,8.1,1,1,1,0,1,1,1,0,0,0,0,0,0,1,1,1,0,0,1,1,0,0,1,1
Ela Barman,Female,55,Job,5848645,Single,8.6,0,1,0,0,1,1,0,1,0,1,1,0,0,1,0,0,0,0,0,0,0,1,1,1
Kavya Rama,Female,22,Student,0,Divorced,4.4,1,0,0,1,0,0,1,0,1,0,0,0,0,0,0,1,0,0,0,1,0,1,1,1
Aarav Malhotra,Female,51,Business,5315536,Single,2.3,0,1,0,0,0,1,1,0,0,0,1,1,0,0,1,1,0,1,1,1,1,1,1,0
Ehsaan Shankar,Male,56,Business,4814494,Divorced,1.9,1,1,1,0,0,1,1,1,1,0,1,1,0,0,0,0,1,1,0,1,0,0,0,0
Himmat Sem,Male,64,Retired,201315,Single,4.3,1,0,1,0,1,0,0,1,1,1,0,0,0,0,0,1,0,0,0,0,0,0,0,1
Mamooty Kar,Male,19,Student,0,Single,8.2,1,1,1,0,0,1,1,0,1,0,1,0,0,0,0,1,1,1,1,0,1,1,1,1
Hazel Deshmukh,Other,42,Business,2737975,Single,8.7,1,1,0,0,1,1,0,1,1,0,0,0,0,1,1,1,0,1,1,1,0,0,0,1
Yakshit Khalsa,Other,20,Student,0,Divorced,9.4,1,0,1,0,0,0,0,1,0,0,1,1,0,0,1,1,1,0,1,1,1,0,0,0
Pari Rajagopalan,Male,47,Business,6082607,Married,2.0,0,1,0,0,1,0,1,0,0,0,1,0,0,0,0,1,1,0,0,1,0,0,1,0
Veer Kapoor,Female,21,Student,289824,Single,6.5,0,1,0,0,1,0,1,0,0,0,1,1,0,1,1,1,1,1,1,0,0,0,1,0
Bhamini Loyal,Other,48,Business,5539854,Married,1.9,0,0,1,0,0,1,1,1,1,1,1,0,0,1,1,1,1,0,0,0,1,0,0,0
Dhruv Verma,Male,33,Business,5239198,Divorced,2.7,0,1,0,0,1,1,1,0,1,0,1,1,0,1,1,0,0,0,0,0,1,0,0,1
Vanya Talwar,Male,42,Job,5165545,Single,2.8,1,1,0,0,1,0,0,0,0,1,1,1,0,1,1,0,0,0,1,0,0,1,0,1
Taran Upadhyay,Other,20,Student,0,Single,6.5,1,0,1,1,0,0,0,1,0,1,0,0,1,1,1,0,1,1,1,0,0,0,1,0
Vidur Mand,Male,21,Student,0,Single,6.7,0,1,1,0,1,0,1,0,1,1,1,1,1,1,1,1,0,0,1,0,0,0,1,0
Anay Dhingra,Other,25,Student,211123,Divorced,5.7,1,0,1,0,1,1,0,1,1,0,0,0,0,0,1,1,1,1,1,0,0,1,0,1
Chirag Sundaram,Male,32,Job,5325794,Single,6.2,0,0,1,0,1,1,0,1,1,0,1,1,0,0,0,1,1,0,0,0,0,1,1,1
Zain Sarraf,Male,46,Job,2730435,Single,5.3,1,1,0,0,0,1,1,1,1,1,1,1,1,0,1,1,1,1,1,1,0,0,1,1
Nitya Ganguly,Other,46,Business,1929774,Divorced,7.7,1,1,1,0,0,1,0,0,1,1,1,1,0,1,1,1,0,1,1,0,1,1,0,1
Eva Setty,Male,29,Job,2346163,Divorced,5.8,1,1,0,0,0,0,0,1,1,0,0,0,1,1,0,0,0,1,1,0,0,1,0,1
Shanaya Aurora,Female,37,Business,3335370,Divorced,8.2,0,1,0,0,0,1,0,0,1,0,0,0,0,0,1,1,1,1,1,0,0,0,0,0
Rania Mandal,Female,33,Job,4073159,Single,7.0,0,0,0,0,1,0,0,1,1,0,1,1,0,1,0,1,1,1,0,1,0,0,0,1
Stuvan Bansal,Male,50,Job,6745989,Married,2.5,0,1,0,0,0,0,0,0,0,1,0,0,1,1,0,1,1,0,0,1,1,1,0,0
Shray Dugar,Other,66,Retired,391068,Married,6.4,1,0,0,0,1,1,1,0,1,1,0,0,0,0,0,1,0,0,0,0,0,0,0,1
Navya Bhalla,Other,24,Student,0,Single,6.4,1,0,0,0,0,1,1,1,0,1,1,0,0,1,1,0,1,0,1,1,1,1,0,0
Taran Dhar,Male,24,Student,412268,Single,2.5,0,1,0,1,0,1,0,1,0,0,1,1,0,1,0,0,0,1,0,0,0,1,0,1
Aniruddh Gade,Other,59,Business,2541768,Single,1.7,0,1,1,0,0,0,1,0,0,0,1,1,1,0,1,0,1,0,0,1,0,0,1,1
Zeeshan Bajwa,Female,64,Retired,401211,Single,7.0,0,1,1,0,0,1,1,0,0,0,0,1,1,1,0,1,1,0,0,0,1,1,0,0
Tara Tak,Other,56,Business,4311832,Single,6.1,0,0,1,0,0,1,0,1,0,1,0,0,0,1,0,1,1,1,0,1,0,0,0,1
Yasmin Mahal,Other,48,Business,6385596,Married,9.3,1,1,1,0,1,1,0,0,0,0,1,0,0,0,0,1,1,1,0,0,0,0,1,1
Emir Dube,Female,41,Business,2724092,Single,8.0,0,1,1,0,1,1,1,0,1,0,1,0,0,0,1,0,1,0,1,1,1,1,0,1
Sumer Doshi,Female,35,Business,4358543,Single,8.3,1,0,1,0,1,0,1,1,0,0,1,1,0,1,0,1,1,0,0,1,1,0,0,1
Aaryahi Sampath,Female,42,Job,5495667,Single,1.2,1,1,0,0,1,0,1,1,1,0,1,1,1,1,0,0,0,0,0,1,0,0,1,0
Diya Manda,Male,38,Business,5401322,Divorced,8.5,0,1,0,0,1,0,1,1,0,0,1,1,0,1,1,1,1,0,1,0,1,1,1,0
Lakshit Bajwa,Male,22,Student,0,Single,4.5,1,1,1,0,0,1,1,1,0,0,1,0,0,1,1,1,0,1,0,1,0,0,0,1
Nishith Andra,Male,38,Job,2357852,Single,7.4,0,1,1,0,1,1,0,1,0,1,1,0,0,1,0,0,0,0,1,1,1,0,1,1
Sara Bhat,Other,26,Business,3567660,Married,6.4,1,1,1,0,1,0,1,1,0,0,1,1,1,1,0,0,1,1,0,0,1,0,0,1
Samaira Kapur,Male,29,Job,1895333,Divorced,8.7,0,0,0,0,0,0,0,1,1,0,0,0,1,0,0,0,0,1,1,1,1,1,1,1
Miraya Aurora,Male,58,Job,1388341,Single,7.3,0,0,0,0,1,1,1,1,0,1,1,0,0,1,0,0,0,1,0,0,0,1,0,0
Arnav Walia,Male,60,Retired,270825,Divorced,7.2,0,0,1,0,1,0,1,0,1,0,1,0,1,1,0,1,0,0,0,1,0,0,0,1
Kartik Sami,Male,35,Job,1215692,Single,2.4,0,1,0,0,0,1,1,0,0,1,1,1,0,0,0,0,1,0,1,0,1,0,1,1
Seher Balasubramanian,Female,26,Job,5107432,Single,5.1,1,0,1,0,0,0,1,1,1,1,1,0,0,0,0,0,0,0,1,0,1,0,1,0
Lagan Mandal,Other,46,Job,5623221,Married,6.4,1,0,1,0,1,0,1,0,1,0,1,0,0,1,0,0,0,0,0,0,1,0,1,1
Saksham Saran,Female,63,Retired,322450,Divorced,8.0,0,0,0,0,1,1,0,1,1,1,0,1,1,1,1,1,0,0,1,1,0,1,0,0
Urvi Lanka,Female,30,Job,4994802,Single,1.1,0,1,0,0,1,1,0,0,1,1,0,1,1,0,1,0,1,0,1,0,0,1,0,0
Aayush Bhargava,Female,54,Job,6285879,Divorced,3.1,0,0,0,0,1,0,0,1,1,0,1,0,1,1,1,1,1,1,0,1,0,1,0,1
Fateh Kalla,Female,45,Business,5248019,Married,3.5,1,1,0,0,0,1,0,0,1,1,1,1,0,1,0,0,0,0,0,1,0,1,0,0
Jhanvi Ben,Male,26,Job,4718574,Single,8.3,0,1,0,0,1,1,0,1,1,1,1,1,0,1,0,1,1,1,1,1,1,1,1,0
Nirvi Bhagat,Male,59,Job,4618637,Single,7.2,0,0,1,0,0,0,1,1,0,1,1,0,0,0,0,0,1,1,1,0,1,0,1,0
Madhav Srinivasan,Male,21,Student,0,Single,8.2,1,0,1,1,0,0,1,1,0,0,1,0,0,1,0,1,0,1,0,0,1,0,1,1
Jayant Sabharwal,Female,22,Student,325945,Married,9.4,0,0,1,1,0,0,1,0,1,1,1,1,0,0,0,1,1,1,1,1,1,0,0,1
Hazel Dhingra,Male,45,Business,2298059,Single,7.9,0,1,1,0,1,1,1,1,1,1,0,0,1,0,1,0,1,1,1,1,0,1,0,0
Aarav Chaudhari,Female,39,Business,6239756,Divorced,1.1,1,0,1,0,0,1,0,1,0,0,0,0,0,1,0,1,0,0,1,0,0,1,0,1
Seher Yadav,Female,26,Job,2789802,Single,6.2,1,0,0,0,0,0,1,0,1,1,1,0,0,1,1,0,0,1,1,1,1,1,1,1
Vardaniya Sodhi,Male,20,Student,0,Divorced,7.5,0,1,0,0,1,1,0,0,1,0,0,0,0,1,1,1,1,1,1,1,1,0,0,0
Indrajit Deshmukh,Other,21,Student,0,Single,9.1,1,0,0,0,1,0,1,1,0,0,0,1,0,1,1,0,0,1,0,0,0,0,1,1
Nishith Buch,Other,41,Job,3107612,Divorced,9.8,0,0,0,0,0,1,1,0,1,1,1,0,1,1,1,1,0,0,1,0,1,1,0,1
Suhana Sen,Other,42,Job,2101959,Single,3.1,0,1,0,0,1,1,0,0,0,1,1,0,1,0,1,0,0,1,0,1,1,0,0,1
Kiara Dey,Other,27,Business,1729157,Divorced,9.5,1,1,1,0,1,0,1,0,1,0,1,0,1,1,1,1,0,0,1,1,1,0,1,1
Amira Ratti,Male,69,Retired,226343,Married,1.5,0,1,0,0,0,0,0,0,1,1,1,0,1,1,0,0,0,1,1,0,0,0,0,0
Adira Brahmbhatt,Female,29,Business,5384830,Single,6.3,0,1,1,0,0,0,1,0,0,0,0,0,1,1,1,1,1,0,1,0,1,0,1,0
Samar Yadav,Male,19,Student,0,Single,1.8,0,1,1,0,1,0,1,0,0,1,0,1,0,0,1,1,0,1,0,1,0,1,0,1
Kimaya Devan,Female,39,Business,6510350,Married,2.5,1,0,1,0,1,0,0,0,0,1,1,0,0,0,1,1,1,1,1,1,0,0,0,1
Saira Kuruvilla,Other,18,Student,0,Divorced,7.8,0,1,1,1,0,1,1,1,0,1,0,1,0,1,0,1,0,1,1,0,1,0,1,1
Divyansh Sibal,Other,59,Job,5856103,Married,4.2,1,0,1,0,1,1,1,0,0,1,0,1,0,0,1,0,1,0,0,1,1,1,0,1
Anay Arora,Female,34,Job,5469882,Married,2.8,1,0,1,0,1,1,1,1,1,1,1,1,1,0,1,0,1,0,1,0,1,0,0,1
Chirag Batra,Other,43,Business,5230359,Divorced,8.9,0,1,0,0,0,0,1,0,1,1,1,0,1,1,0,1,1,0,1,1,1,1,1,0
Vaibhav Kar,Other,21,Student,0,Divorced,0.8,1,0,0,1,0,0,1,0,1,0,0,0,0,0,0,0,1,1,0,0,0,0,0,1
Pranay Chowdhury,Male,63,Retired,207404,Divorced,2.3,1,1,0,0,1,0,1,1,0,0,0,0,1,0,0,0,0,1,0,1,1,0,0,0
Reyansh Mani,Other,57,Job,6136103,Divorced,8.2,1,0,1,0,0,0,1,1,0,1,1,0,1,1,0,0,1,1,1,0,0,1,1,0
Sana Dhawan,Other,21,Student,0,Divorced,5.3,1,0,0,1,0,1,0,1,0,0,0,1,1,1,1,1,1,0,1,1,1,0,1,1
Nitya Chokshi,Female,49,Business,2829782,Married,4.6,1,1,1,0,1,0,0,1,1,0,1,0,0,0,0,0,1,0,1,1,0,1,1,0
Tara Khanna,Other,44,Job,6451544,Divorced,9.4,0,1,0,0,1,0,0,0,1,0,1,1,0,0,1,1,0,0,0,0,1,1,1,0
Shaan Kapoor,Female,69,Retired,255689,Single,6.3,1,1,1,0,0,0,1,1,0,1,0,0,0,1,1,1,1,0,0,0,1,1,0,0
Chirag Lalla,Male,35,Job,6575532,Divorced,1.7,0,1,0,0,0,0,0,1,0,0,1,0,0,1,0,0,1,0,1,0,0,0,0,0
Bhamini Das,Other,56,Business,4132244,Divorced,0.1,0,1,0,0,0,1,0,1,0,0,0,1,1,0,1,1,0,0,1,0,1,0,1,0
Nirvaan Baria,Female,53,Business,3425173,Divorced,0.2,0,1,0,0,1,0,1,0,1,0,1,0,0,0,0,1,1,1,0,1,1,1,0,1
Sumer Choudhry,Female,46,Job,6826201,Divorced,9.3,0,1,0,0,1,1,1,0,0,0,0,1,0,0,0,1,1,0,1,0,1,0,1,1
Tejas Datta,Female,25,Student,367182,Divorced,7.5,1,0,0,1,1,0,1,0,1,1,1,1,1,1,0,1,1,1,1,0,1,0,1,0
Neysa Zachariah,Female,38,Business,2840054,Married,4.3,0,0,1,0,0,1,0,1,1,0,0,1,0,1,0,0,0,1,0,0,0,0,1,1
Anahita Halder,Male,22,Student,202325,Married,9.6,1,0,1,1,1,0,0,1,1,1,0,0,0,1,1,0,1,1,0,0,0,0,0,0
Armaan Bera,Male,38,Business,2442974,Single,6.6,0,1,1,0,1,1,1,0,0,0,0,0,1,0,1,0,0,0,1,0,0,0,0,0
Badal Upadhyay,Female,53,Business,3816483,Divorced,9.7,0,0,1,0,1,1,0,1,1,0,1,1,0,0,1,0,0,1,0,1,0,0,1,0
Drishya Butala,Female,32,Job,6700002,Married,3.9,0,1,1,0,0,1,0,1,0,1,0,0,0,0,1,0,1,0,0,0,0,1,0,1
Akarsh Issac,Other,46,Job,4136999,Divorced,9.3,1,1,0,0,1,1,0,1,0,0,1,1,0,1,0,0,0,1,1,0,1,0,1,0
Nakul Chatterjee,Female,25,Student,0,Single,2.6,1,0,1,0,0,0,0,0,0,0,0,1,1,0,1,1,1,0,0,1,0,0,1,1
Kabir Karpe,Other,23,Student,0,Single,5.2,0,0,0,0,1,1,1,1,0,1,0,0,1,0,1,1,0,0,0,1,1,1,1,0
Bhamini Badal,Male,48,Job,3304681,Single,0.5,0,1,0,0,1,0,0,0,1,1,0,0,1,1,1,0,0,0,1,0,0,0,0,1
Badal Karan,Other,37,Job,1723522,Married,7.7,0,1,0,0,1,0,1,1,1,1,0,1,0,0,0,1,1,0,0,0,0,1,0,0
Shaan Kaul,Male,53,Job,1888748,Single,7.6,1,1,0,0,1,1,0,1,1,0,0,0,1,0,1,1,0,0,1,1,0,0,1,1
Rania Luthra,Male,58,Job,5255671,Single,3.7,1,1,0,0,0,0,0,1,0,0,1,1,1,1,0,1,0,0,1,1,1,1,0,1
Shlok Mangat,Male,33,Job,3625641,Divorced,3.5,0,0,1,0,1,1,0,0,1,0,1,0,0,0,1,1,1,0,0,1,0,1,1,0
Tara Bobal,Female,22,Student,478444,Single,6.4,0,0,0,1,0,1,0,0,0,0,1,1,0,0,0,0,1,0,1,1,1,1,1,0
Biju Dube,Female,20,Student,0,Single,7.0,0,1,0,0,1,1,1,1,0,1,1,0,0,1,1,1,1,1,0,1,0,0,0,1
Nirvaan Sharma,Male,24,Student,295562,Divorced,6.2,1,1,1,1,1,0,0,0,0,1,1,1,0,0,0,0,1,0,1,0,1,1,1,1
Ranbir Srinivas,Female,67,Retired,395859,Divorced,7.8,1,0,0,0,1,1,1,1,0,1,1,0,0,0,1,0,0,0,1,0,0,0,1,0
Tanya Grewal,Female,35,Business,4289837,Married,8.6,1,1,1,0,1,1,0,0,0,1,1,1,0,1,1,0,0,1,1,1,0,1,1,1
Parinaaz Sem,Other,27,Job,3975628,Divorced,8.8,0,0,1,0,0,1,1,1,1,0,0,0,0,1,0,0,1,0,1,1,0,0,0,1
Shalv Gopal,Female,42,Business,6850720,Married,0.3,1,0,0,0,0,1,0,0,1,0,0,0,0,0,0,0,1,0,1,0,1,1,0,1
Elakshi Magar,Male,70,Retired,225715,Divorced,2.2,1,1,0,0,1,1,1,0,0,1,0,0,1,0,1,0,1,0,0,1,0,1,0,1
Aaryahi Madan,Female,40,Business,3723293,Married,9.9,1,0,1,0,0,1,0,1,1,1,1,0,0,1,1,0,1,0,1,1,0,0,1,0
Jivin Ganesan,Female,53,Job,5167083,Divorced,6.5,0,0,1,0,1,0,1,0,1,1,1,1,1,0,0,0,0,0,1,1,1,1,1,0
Tejas Kar,Female,25,Student,280801,Divorced,7.3,0,0,0,1,1,1,1,1,1,0,0,1,1,0,0,1,1,0,0,0,1,0,1,1
Nirvaan Virk,Male,28,Job,5258919,Divorced,7.6,0,1,1,0,0,1,0,0,0,0,0,1,1,1,0,0,1,1,1,0,1,1,0,1
Misha Handa,Male,25,Student,0,Single,7.3,1,1,0,1,1,0,1,1,0,1,1,0,0,1,1,0,1,0,1,1,1,1,1,0
Ishita Bumb,Other,29,Business,6712501,Married,6.9,0,1,1,0,0,0,1,0,0,1,1,1,0,0,1,0,0,0,0,1,1,0,1,0
Neysa Barad,Female,32,Job,6662652,Single,3.5,1,1,1,0,1,0,1,0,0,1,1,1,1,1,0,0,1,0,0,0,1,0,0,1
Saira Bava,Female,30,Job,5407412,Divorced,7.0,1,0,1,0,1,0,0,1,1,0,1,0,1,0,0,0,0,1,1,1,0,1,0,1
Raghav Balan,Other,44,Job,6316880,Divorced,0.7,1,0,1,0,1,0,1,0,0,1,1,1,0,1,0,0,0,0,0,1,0,0,0,0
Rania Rout,Female,20,Student,0,Single,8.3,0,0,0,1,0,0,1,0,1,1,0,1,1,1,1,0,0,1,0,0,1,1,1,0
Neysa Krishnamurthy,Male,30,Business,1248276,Divorced,3.1,1,1,1,0,0,0,1,1,1,1,0,0,0,0,0,1,1,0,1,1,1,0,0,0
Veer Sridhar,Male,48,Job,4135454,Single,8.8,1,1,0,0,1,0,0,0,0,1,1,1,1,0,1,1,0,1,0,1,0,1,1,0
Azad Kala,Other,31,Job,6694446,Divorced,1.8,1,1,1,0,0,1,0,0,1,0,0,0,1,0,1,1,0,0,0,0,0,1,0,0
Krish Chander,Female,49,Business,2744022,Married,7.4,1,0,0,0,0,0,0,1,0,1,0,1,0,0,1,0,0,0,0,1,1,0,0,0
Raunak Dhingra,Female,58,Business,1251832,Single,9.1,0,1,0,0,1,1,1,0,0,1,0,0,1,0,0,0,1,1,0,1,0,0,0,0
Hunar Borah,Female,39,Business,2381572,Divorced,0.9,1,1,0,0,1,0,1,1,0,1,1,0,0,1,0,0,0,0,0,0,1,1,0,0
Navya Bahl,Other,18,Student,0,Single,9.4,1,0,1,0,1,1,1,0,1,0,0,1,0,1,1,1,0,1,0,1,1,1,1,0
Kashvi Sarna,Other,46,Job,5806806,Married,8.2,1,0,0,0,1,1,0,0,0,1,0,0,1,0,1,0,1,0,1,0,0,1,0,0
Nitara Kuruvilla,Female,66,Retired,420652,Divorced,8.0,1,1,1,0,1,1,0,1,0,1,0,1,1,0,1,0,0,0,0,1,0,1,0,1
Kimaya Bajwa,Other,23,Student,0,Single,1.8,0,1,1,1,1,1,1,0,0,1,0,0,1,1,1,1,0,0,1,0,1,0,0,0
Dhanush Deol,Female,48,Job,4443701,Married,7.8,1,0,0,0,0,1,1,1,0,0,0,0,0,1,1,1,1,1,0,0,0,1,0,1
Nirvaan Ram,Female,18,Student,309487,Single,9.1,0,1,0,1,0,1,0,1,0,1,1,0,0,0,0,1,1,0,0,1,0,0,1,1
Ela Sankaran,Other,47,Job,4487117,Married,8.1,0,0,1,0,0,1,1,0,0,1,1,0,0,1,1,0,1,0,0,1,0,0,0,1
Vaibhav Bhandari,Other,56,Job,2873108,Married,9.2,1,1,1,0,0,1,1,1,1,1,1,1,0,1,1,1,1,1,0,0,0,1,0,0
Arhaan Khurana,Male,65,Retired,207910,Single,7.2,0,1,1,0,1,0,1,1,1,0,0,0,1,0,1,1,0,1,1,1,1,1,0,1
Nitya Luthra,Male,46,Job,2701405,Divorced,7.7,1,1,1,0,1,1,1,0,0,1,0,1,0,1,1,1,1,1,0,1,1,0,0,0
Aaina Bawa,Male,38,Business,6231533,Single,3.9,0,0,1,0,0,0,0,0,0,1,1,1,1,1,0,1,1,1,0,0,1,0,0,0
Tiya Lata,Other,46,Job,3489820,Single,9.6,0,1,1,0,1,0,0,0,0,1,0,0,0,1,1,1,1,1,1,1,1,0,0,1
Aradhya Sankaran,Male,42,Job,3986977,Single,1.2,0,0,0,0,0,1,0,0,1,0,1,1,1,0,1,0,0,0,0,0,1,0,1,0
Shalv Gokhale,Female,23,Student,0,Married,2.1,0,1,1,1,0,0,1,1,1,0,1,0,1,1,1,0,1,0,0,0,1,0,1,0
Dishani Bala,Male,49,Job,4315511,Married,0.7,1,0,0,0,1,1,0,0,1,0,0,1,1,1,1,1,1,0,0,1,1,1,0,1
Anahi Ray,Male,46,Job,1736994,Divorced,9.3,1,0,0,0,1,1,1,1,0,1,0,0,1,1,1,1,0,1,1,1,0,0,0,0
Nishith Agate,Male,21,Student,0,Divorced,9.0,0,1,1,0,1,1,1,0,0,1,0,1,0,0,1,0,0,0,0,1,1,1,1,1
Nishith Sunder,Male,60,Retired,480042,Married,8.5,1,0,0,0,1,0,0,1,1,1,0,0,1,1,1,0,0,1,0,1,0,1,0,1
Aniruddh Sur,Male,42,Business,2318032,Married,8.6,0,1,0,0,0,0,0,1,0,0,1,0,0,1,1,1,1,1,0,0,1,0,0,0
Neelofar Wali,Female,53,Job,4612120,Married,7.0,1,0,1,0,0,1,0,0,0,0,0,0,0,0,0,1,0,0,0,1,0,1,0,0
Mahika Basu,Female,21,Student,374642,Single,3.3,0,0,1,0,1,0,1,0,0,0,1,0,1,1,1,0,1,0,1,1,1,1,0,0
Adira Batta,Other,35,Business,4630847,Single,8.2,1,0,0,0,0,0,1,0,0,1,0,0,0,1,0,1,1,1,1,0,1,1,0,1
Aarav Divan,Male,69,Retired,303298,Married,1.5,1,1,0,0,1,0,1,1,0,1,0,0,0,0,1,0,0,1,0,1,1,1,0,0
Anay Mallick,Female,20,Student,0,Single,1.4,0,1,1,0,0,0,0,1,1,0,1,1,0,1,0,0,1,0,1,1,0,0,0,1
Yuvraj  Rana,Male,38,Job,3927413,Single,8.4,0,0,0,0,0,0,1,0,0,1,0,1,1,0,1,1,0,1,1,1,1,1,1,0
Faiyaz Chokshi,Male,41,Business,4612918,Single,4.3,0,1,1,0,1,1,0,0,1,1,1,0,1,1,0,0,1,1,1,0,1,0,0,1
Piya Sarma,Male,62,Retired,456847,Divorced,2.3,0,1,0,0,0,1,0,1,1,1,0,0,0,1,0,0,1,0,0,1,1,1,0,1
Saira Kant,Female,45,Business,6869223,Married,7.7,0,1,0,0,1,0,1,1,0,0,1,0,0,1,0,0,1,1,0,1,1,1,0,0
Miraya Thakur,Male,58,Job,1889270,Single,4.0,0,1,0,0,1,1,1,0,1,1,1,0,1,1,1,0,1,0,1,1,0,0,0,0
Faiyaz Dugar,Female,29,Business,4876083,Divorced,4.1,1,1,1,0,1,0,1,1,0,0,1,1,1,1,0,1,0,1,0,0,0,1,0,1
Farhan Arya,Other,35,Job,2845766,Single,9.4,1,0,1,0,0,0,1,1,1,0,1,0,1,0,0,1,0,1,1,0,0,0,1,0
Kabir Dhar,Male,26,Job,6131108,Married,8.4,0,0,1,0,1,0,1,1,0,0,1,0,0,1,1,0,1,1,1,0,1,1,0,0
Ojas Khanna,Female,36,Business,5102010,Divorced,9.7,0,0,1,0,1,0,1,1,0,0,0,0,1,1,0,0,0,1,0,0,1,0,1,1
Vihaan Taneja,Female,36,Job,4561431,Married,9.8,1,1,1,0,0,1,0,1,1,1,0,0,0,0,0,1,0,1,1,0,0,1,0,1
Purab Wali,Male,47,Job,5954305,Single,6.5,0,0,0,0,0,0,0,0,0,0,1,1,0,0,0,1,0,0,1,1,1,1,1,1
Renee Badal,Male,38,Job,4008846,Single,3.8,1,0,1,0,0,1,1,0,0,0,1,1,1,0,0,1,1,1,1,1,0,0,0,0
Mahika Rout,Other,46,Business,6217732,Single,2.2,1,1,1,0,0,1,0,1,0,0,0,0,1,1,0,1,0,1,0,0,0,1,0,0
Lagan Grover,Other,38,Job,4375552,Married,4.1,1,1,0,0,1,1,1,1,1,0,0,1,1,1,1,0,0,0,1,0,0,0,1,0
Jivin Chahal,Other,69,Retired,359264,Married,5.6,1,1,0,0,1,1,0,0,1,0,1,1,1,0,0,1,1,0,0,0,0,0,0,0
Bhavin Kala,Other,34,Business,5472173,Single,1.7,1,0,0,0,1,1,0,1,1,1,0,0,0,1,0,0,0,0,1,1,1,1,1,1
Eshani Walla,Other,64,Retired,309879,Single,6.3,0,1,0,0,0,0,1,1,1,1,1,0,1,0,0,0,0,1,1,0,1,1,1,0
Hrishita Gole,Male,35,Job,5690764,Divorced,8.1,1,0,1,0,1,0,0,1,0,1,1,1,0,0,0,0,0,0,1,1,1,0,0,0
Gokul Walia,Female,54,Job,1143399,Divorced,9.1,0,0,1,0,1,1,1,0,0,0,0,1,0,1,1,0,1,0,1,0,1,0,1,1
Akarsh Chawla,Female,37,Job,5979608,Single,9.3,0,0,0,0,0,1,1,0,1,0,0,0,1,0,0,1,1,1,0,1,1,1,0,1
Jivin Brahmbhatt,Female,29,Business,2039575,Single,6.0,0,1,1,0,1,0,0,0,0,1,1,1,0,1,1,0,1,0,0,1,0,0,1,1
Rhea Yogi,Other,58,Business,6697318,Married,8.3,1,0,0,0,0,0,1,1,1,0,0,0,1,1,1,0,0,1,1,0,1,0,1,0
Dharmajan Ganesh,Male,46,Business,1903064,Single,9.6,1,1,1,0,1,0,1,1,1,1,1,0,1,1,1,1,1,0,1,1,1,0,1,0
Drishya Khatri,Male,59,Business,3732637,Single,7.2,1,1,1,0,1,1,0,0,0,0,0,1,1,0,0,1,0,1,1,0,0,1,1,0
Rohan Sehgal,Female,18,Student,481774,Divorced,9.4,1,1,0,0,1,1,0,0,1,0,1,1,1,1,1,0,1,1,0,0,0,1,0,1
Dhanuk Upadhyay,Female,19,Student,0,Single,8.7,1,0,1,0,1,0,0,1,1,0,1,0,0,1,0,1,1,1,1,0,0,0,1,1
Mishti Bhavsar,Other,38,Job,6357444,Married,2.9,1,0,1,0,1,0,1,1,1,0,1,1,0,1,0,1,0,0,0,0,1,0,0,1
Aniruddh Sangha,Female,35,Job,2285179,Married,5.3,1,0,1,0,0,1,1,1,0,0,1,0,0,1,0,1,1,1,1,1,0,0,0,0
Samiha Sachdev,Other,32,Business,3055262,Married,2.5,1,1,0,0,1,0,0,0,1,0,0,1,1,1,0,0,0,1,0,1,1,0,1,1
Anvi Tandon,Male,21,Student,0,Single,8.8,1,1,0,1,0,0,0,0,1,0,0,1,0,1,0,1,1,0,0,1,1,1,0,1
Aarush Hans,Male,22,Student,0,Single,5.7,1,1,0,0,1,0,1,0,0,1,0,0,0,0,0,1,1,0,1,0,1,1,1,0
Indranil Bhargava,Female,40,Business,5402220,Single,5.7,0,1,1,0,0,0,1,0,1,1,0,1,1,0,1,1,1,1,1,0,0,0,0,0
Raunak Koshy,Male,34,Job,3105381,Married,8.5,0,0,0,0,1,0,0,1,1,0,1,1,1,0,0,1,0,0,0,0,0,1,0,0
Hunar Doshi,Other,50,Business,5631294,Divorced,0.3,1,0,0,0,0,0,0,0,1,1,0,0,1,0,1,1,1,0,0,1,1,0,0,1
Anay Rama,Other,45,Business,5485731,Married,6.7,0,1,0,0,0,1,1,0,1,0,1,1,0,0,0,1,0,1,1,1,1,0,0,0
Damini Behl,Female,31,Business,4706447,Single,1.2,0,0,1,0,0,0,1,1,0,1,0,1,0,0,0,1,0,1,1,0,0,0,0,1
Eva Rama,Female,51,Job,3841307,Single,9.7,1,0,1,0,1,1,0,0,0,1,0,0,0,1,0,0,0,1,1,1,0,0,1,1
Shanaya Dani,Other,28,Business,2101119,Married,1.0,0,0,0,0,1,0,0,0,1,1,1,0,1,0,0,1,1,1,1,0,0,1,1,0
Darshit Batra,Other,23,Student,0,Single,7.2,0,1,0,0,0,0,1,1,1,1,1,0,1,0,0,1,1,1,0,1,0,1,1,0
Ahana  Sane,Other,66,Retired,438514,Single,8.8,1,0,0,0,1,1,1,1,0,1,1,0,1,0,0,0,0,0,0,0,0,1,0,1
Manikya Rajagopal,Female,25,Student,0,Married,7.9,1,1,1,0,1,0,0,1,0,1,0,0,0,1,0,0,1,0,0,1,0,1,0,0
Miraya Brahmbhatt,Other,32,Job,5663368,Divorced,8.4,0,0,1,0,1,0,1,1,1,1,0,0,0,0,0,0,0,0,0,1,1,0,1,1
Indrans Ravi,Male,51,Business,6653750,Single,9.1,1,0,1,0,1,0,1,1,1,0,0,0,1,1,0,0,1,1,0,1,0,1,0,1
Yasmin Krishnamurthy,Other,23,Student,0,Married,0.2,1,0,0,0,1,1,1,0,0,1,0,0,0,0,0,1,1,1,1,1,0,0,0,0
Suhana Bhavsar,Other,29,Job,6958068,Single,2.1,0,1,0,0,1,0,1,1,1,1,1,0,1,0,1,0,0,1,1,1,1,1,1,0
Mehul Manda,Male,42,Job,6132091,Single,9.4,0,0,0,0,0,1,1,0,0,1,0,0,1,1,1,0,1,0,0,0,0,0,0,1
Madhav Dhillon,Male,20,Student,0,Single,6.9,0,0,0,0,0,1,0,0,0,1,0,1,1,1,0,0,0,1,0,1,0,0,1,1
Tiya Sachar,Other,50,Business,1778680,Divorced,8.8,0,1,1,0,1,1,0,1,0,1,0,0,0,0,1,1,0,0,1,1,0,1,1,0
Parinaaz Sodhi,Other,46,Business,6777369,Divorced,5.7,0,1,1,0,1,0,0,0,0,0,1,1,1,1,1,1,1,1,1,0,1,1,1,0
Yashvi Sankar,Male,20,Student,0,Single,4.8,1,1,0,0,1,1,0,1,0,0,0,0,0,0,1,1,0,0,0,1,1,0,0,0
Vivaan Kara,Male,69,Retired,384416,Single,3.7,0,1,1,0,1,1,0,0,0,0,0,0,0,1,0,1,1,0,0,1,1,1,1,0
Biju Subramanian,Male,58,Business,3176504,Single,7.8,1,1,1,0,0,0,1,1,1,1,1,1,0,0,0,0,0,1,1,1,1,1,1,0
Reyansh Khatri,Female,57,Business,2770044,Divorced,8.8,0,0,1,0,1,0,1,1,0,1,0,0,1,1,1,0,1,0,1,1,1,0,1,0
Shamik Krish,Other,40,Job,2266094,Single,6.6,1,1,1,0,1,0,1,0,0,1,1,0,0,1,0,1,0,1,1,0,0,0,1,0
Adah Garg,Female,59,Job,3282980,Married,7.2,1,1,1,0,1,0,0,0,1,1,1,0,1,1,1,0,0,0,1,0,0,0,0,1
Khushi Wadhwa,Other,30,Job,1134878,Single,2.7,0,0,0,0,1,0,1,1,1,1,1,1,0,0,0,0,0,0,0,1,0,0,1,0
Tiya Dasgupta,Other,23,Student,0,Single,9.7,1,0,1,1,1,0,0,0,1,0,1,1,1,0,1,0,1,0,1,0,1,0,0,1
Trisha Gandhi,Other,37,Job,1625858,Married,0.7,1,1,0,0,0,1,0,0,1,1,0,1,0,1,0,1,1,1,0,1,0,1,1,0
Zoya Swamy,Male,35,Job,1567412,Single,6.9,0,0,1,0,1,0,1,0,0,1,0,0,1,0,1,1,1,1,1,0,0,0,1,0
Urvi Babu,Female,24,Student,241669,Married,6.6,1,1,0,0,1,1,0,0,0,1,0,0,1,0,1,0,0,0,0,1,1,0,0,0
Drishya Lata,Male,32,Job,2591193,Married,1.4,0,0,0,0,1,0,1,1,1,0,1,1,0,0,0,0,1,1,0,0,1,0,0,1
Aaryahi Barman,Female,29,Business,5089834,Single,8.9,1,0,0,0,0,0,0,0,0,1,0,0,1,0,1,1,1,0,1,0,1,0,1,1
Sumer Kannan,Female,34,Job,3043230,Divorced,0.3,0,0,0,0,1,1,0,1,1,1,1,0,0,1,0,1,0,1,1,1,1,1,1,1
Hazel Tank,Male,55,Business,4466111,Single,2.5,1,0,1,0,1,1,1,1,1,0,1,0,1,1,0,0,1,0,0,0,1,1,0,0
Taimur Dugar,Male,53,Job,2922473,Single,7.3,0,0,0,0,0,1,0,0,1,0,0,0,0,0,1,1,1,0,1,0,0,0,0,1
Shlok Kaur,Female,29,Business,1496555,Single,9.0,0,0,0,0,0,0,1,1,0,0,1,1,0,1,1,1,1,1,0,0,1,1,0,0
Indrans Varkey,Other,35,Job,4830551,Married,7.9,0,1,0,0,0,0,1,0,1,1,0,0,0,1,0,1,0,0,0,0,1,1,0,1
Bhamini Sinha,Male,21,Student,477969,Divorced,5.8,0,0,1,1,1,1,1,1,1,1,0,1,1,0,0,1,0,1,1,1,0,0,1,0
Baiju Baral,Female,51,Job,3443331,Married,6.4,0,1,1,0,0,1,0,0,0,1,0,0,1,1,1,0,1,0,1,1,0,1,0,0
Shamik Choudhary,Male,58,Job,2476498,Single,8.9,0,0,1,0,1,0,1,0,1,1,1,1,0,1,1,0,1,0,1,0,0,0,0,0
Raunak Gera,Male,35,Job,1611034,Divorced,7.3,1,1,1,0,1,1,0,1,0,1,1,1,0,1,1,0,0,1,0,1,0,0,1,1
Zoya Char,Female,36,Job,2899108,Single,6.1,0,1,0,0,1,0,1,1,0,1,0,0,1,0,1,0,1,0,0,1,0,0,1,1
Parinaaz Krishna,Female,21,Student,0,Single,1.6,1,0,1,0,1,0,1,0,1,1,0,0,0,0,1,1,0,1,1,0,0,0,1,1
Tiya Mann,Male,52,Business,6788270,Single,0.2,0,0,1,0,1,1,0,0,1,0,1,1,0,1,1,1,1,0,1,1,1,1,0,0
Anay Rege,Female,44,Job,2599890,Divorced,6.5,0,0,0,0,1,0,0,1,0,1,0,1,1,1,0,1,1,0,0,1,0,1,1,0
Jivin Dugal,Male,50,Business,3303481,Single,0.2,1,0,0,0,0,1,1,1,1,1,0,1,1,1,0,0,0,1,1,0,1,1,0,1
Jiya Rege,Female,38,Job,6383894,Married,8.8,1,1,0,0,1,1,1,0,1,1,1,0,0,1,1,1,1,1,0,0,1,1,1,1
Devansh Salvi,Other,52,Job,3595866,Married,5.0,0,0,1,0,1,0,1,1,1,0,0,1,1,0,1,0,0,1,1,0,1,0,0,1
Prerak Bose,Other,61,Retired,279515,Married,9.1,1,0,1,0,1,0,0,1,1,0,1,0,0,0,0,1,1,0,0,0,0,1,0,1
Kiara Grover,Other,62,Retired,499259,Single,2.0,0,0,0,0,1,1,1,0,1,1,0,0,0,1,1,0,0,0,1,1,1,0,1,0
Lagan Yogi,Other,50,Business,5176670,Married,6.1,1,0,1,0,0,0,1,0,0,1,0,1,1,1,0,0,1,0,1,0,0,1,0,0
Jayan Mani,Female,59,Job,2147895,Single,9.6,0,1,1,0,0,0,1,1,1,1,1,1,0,0,0,1,0,1,1,1,0,0,0,1
Uthkarsh Chada,Female,18,Student,215380,Divorced,6.2,1,1,1,0,0,1,0,0,0,0,1,1,1,0,1,1,0,1,1,0,0,0,0,0
Yuvaan Gopal,Other,21,Student,0,Divorced,1.3,0,0,0,1,1,1,0,1,1,1,1,1,1,0,1,0,0,0,1,1,0,0,0,1
Taimur Chaudry,Male,52,Job,4858950,Divorced,10.0,0,1,1,0,0,1,0,1,0,1,0,1,1,0,0,0,1,1,1,0,1,1,0,0
Hazel Chandra,Male,21,Student,0,Single,6.3,0,0,1,1,0,0,0,1,0,1,1,0,0,1,1,0,1,1,1,0,1,0,1,0
Pari Mall,Male,19,Student,314346,Divorced,5.2,1,1,0,1,1,1,0,0,0,1,1,1,1,0,1,1,0,0,1,1,0,0,1,0
Riaan Hans,Female,18,Student,0,Single,9.7,0,0,1,0,0,0,0,0,0,1,1,0,1,0,0,0,0,0,1,0,0,0,0,1
Tanya Saini,Other,18,Student,0,Divorced,9.6,0,0,0,0,1,0,1,1,0,0,0,1,0,0,1,0,0,1,1,0,1,1,1,0
Shalv Issac,Male,36,Job,4178389,Single,8.4,0,1,0,0,1,0,0,1,0,1,0,0,1,1,1,0,1,1,0,1,1,0,1,1
Kashvi Garde,Female,54,Business,3418285,Single,2.1,1,1,1,0,1,0,0,1,1,0,0,1,0,1,0,0,0,1,0,0,0,1,1,0
Hansh Ramakrishnan,Male,25,Student,476130,Married,4.2,1,1,1,0,1,1,1,1,1,1,1,0,0,0,1,1,0,0,0,0,1,1,1,0
Mannat Dutta,Male,42,Business,3416107,Married,4.0,1,1,1,0,1,0,1,0,0,1,0,1,1,1,1,1,1,0,0,0,0,1,0,1
Neysa Sachdev,Other,52,Job,3944954,Single,6.5,0,0,1,0,1,0,0,0,1,1,1,1,1,1,0,0,1,0,1,1,0,0,1,1
Neysa Zachariah,Male,67,Retired,435324,Married,9.9,0,1,0,0,0,1,1,1,0,0,0,0,0,0,1,0,1,1,0,0,0,0,1,1
Shanaya Buch,Other,46,Business,3932154,Married,0.8,1,0,1,0,1,1,0,0,1,0,0,0,0,0,0,1,0,1,1,0,0,1,1,0
Ryan Karan,Male,32,Business,5929927,Divorced,1.5,1,0,0,0,1,1,1,0,0,1,1,1,0,1,0,0,1,0,1,0,1,0,0,0
Inaaya  Kalita,Female,52,Job,5647455,Divorced,6.7,0,0,1,0,1,0,0,0,1,0,0,0,0,0,1,1,0,0,0,0,1,1,0,0
Baiju Ratti,Male,19,Student,0,Single,8.5,0,0,1,1,0,1,1,0,0,1,0,1,0,1,1,0,0,1,1,0,0,0,1,1
Aradhya Srivastava,Male,19,Student,0,Single,0.9,0,0,0,0,1,0,0,1,1,1,1,1,0,1,0,0,1,0,1,0,1,0,0,1
Inaaya  Sarin,Male,33,Business,6805733,Single,8.5,0,0,1,0,1,1,1,0,1,0,0,0,0,0,0,1,1,1,0,1,1,0,1,0
Rania Sanghvi,Male,62,Retired,303256,Single,1.9,1,0,1,0,0,1,1,1,0,0,0,1,1,1,0,0,0,1,0,1,0,0,0,0
Zain Batta,Other,43,Job,6336930,Divorced,1.1,0,0,1,0,0,0,0,1,0,1,0,1,0,0,0,1,1,1,1,0,0,1,0,0
Nitya Kade,Male,48,Business,4312753,Single,7.5,1,1,0,0,1,0,0,0,1,0,0,1,0,0,1,0,1,1,1,0,1,0,0,1
Nakul Guha,Other,54,Business,4184820,Single,8.1,1,0,1,0,0,0,1,0,1,0,1,0,0,1,1,0,1,0,0,1,1,0,1,1
Dhanuk Varty,Other,32,Business,2450214,Single,1.9,1,1,0,0,1,0,0,1,1,0,0,1,1,0,0,1,0,1,0,0,0,1,0,1
Raunak Kalita,Other,27,Job,4462555,Married,9.3,1,0,0,0,1,0,1,1,0,1,1,0,0,0,1,0,1,1,1,0,1,0,0,0
Nakul Bhavsar,Male,60,Retired,457109,Married,0.4,1,1,1,0,0,1,0,1,1,1,1,0,1,0,0,1,1,1,1,0,1,0,0,1
Neelofar Wali,Male,36,Job,4989597,Single,6.4,1,1,0,0,1,1,1,1,0,1,0,1,1,1,0,1,0,0,0,1,1,1,0,1
Renee Thakkar,Male,44,Job,3027017,Divorced,8.9,1,0,0,0,0,0,0,1,0,1,0,0,1,0,0,0,0,0,0,0,1,0,0,1
Ritvik Choudhary,Other,55,Business,6182375,Married,8.9,0,0,1,0,1,1,1,1,1,0,1,1,1,0,1,1,0,0,1,0,0,1,0,0
Siya Luthra,Male,38,Job,3350147,Single,9.2,0,0,1,0,0,1,0,0,0,0,1,0,1,1,0,0,0,1,1,1,1,1,1,1
Kartik Bandi,Female,67,Retired,436927,Single,9.7,0,1,0,0,0,0,0,1,0,0,1,1,0,0,1,0,0,0,1,0,0,1,0,0
Kismat Chada,Other,25,Student,244280,Married,7.3,1,0,0,1,1,1,1,0,0,0,1,0,1,0,1,1,1,1,0,1,0,1,1,1
Jayan Chaudhari,Male,21,Student,0,Divorced,9.0,0,0,0,0,1,1,1,0,1,0,1,0,1,1,1,0,0,0,0,0,1,1,0,0
Umang Vora,Female,48,Job,2501206,Married,4.9,0,1,1,0,0,1,0,0,0,1,0,1,0,0,1,0,1,1,1,1,0,0,0,1
Kabir Saran,Female,21,Student,302149,Divorced,4.5,1,0,0,0,1,1,1,1,0,1,1,1,1,0,1,0,0,1,0,1,0,1,1,0
Zeeshan Shah,Male,45,Business,1805420,Married,6.0,0,1,0,0,1,1,0,0,0,0,0,1,1,1,1,1,0,1,1,1,1,1,1,1
Kimaya Kala,Other,29,Job,1272743,Single,7.1,1,1,0,0,0,1,1,0,1,1,0,0,1,0,1,0,1,1,1,1,0,1,0,0
Mannat Ben,Female,27,Business,5602919,Divorced,6.6,0,0,1,0,1,0,1,0,0,0,1,1,0,1,0,0,0,0,0,1,0,0,0,0
Shanaya Kapur,Female,43,Business,3927986,Divorced,3.5,0,1,1,0,0,1,0,0,1,0,1,0,0,0,1,0,1,1,1,1,1,0,1,1
Sahil Sundaram,Male,36,Job,5343512,Single,9.6,0,0,0,0,0,0,0,1,1,0,1,1,1,1,0,1,1,1,0,1,1,0,0,0
Baiju Buch,Male,37,Job,5958090,Divorced,6.3,1,1,1,0,1,0,0,1,1,1,1,0,1,0,0,1,1,0,0,1,1,0,1,1
Vedika Khatri,Other,24,Student,0,Divorced,10.0,1,0,1,1,1,1,1,1,0,1,1,0,1,0,1,1,1,1,0,0,1,1,1,1
Zain Sanghvi,Male,43,Job,1613297,Single,6.1,1,1,1,0,1,1,1,1,1,1,0,1,1,1,1,1,0,0,1,0,0,1,1,0
Eva Khosla,Other,29,Job,1210217,Single,4.4,1,1,1,0,0,1,0,0,0,1,1,1,0,0,0,0,0,1,1,1,0,1,0,0
Hridaan Dhingra,Female,63,Retired,335295,Divorced,6.1,0,0,0,0,1,1,0,1,1,1,0,0,0,1,0,1,0,1,1,0,1,0,1,0
Shayak Korpal,Other,44,Business,2321432,Single,8.2,0,0,0,0,0,1,1,0,0,0,0,1,1,1,0,0,1,0,0,1,0,1,0,0
Kabir Virk,Female,65,Retired,330894,Single,9.3,0,1,0,0,1,1,0,1,1,1,0,1,0,1,0,1,1,0,0,0,1,1,1,0
Kanav Bath,Male,44,Job,5904246,Divorced,6.6,1,1,1,0,1,0,1,0,0,1,0,1,1,1,0,1,0,0,1,1,0,0,1,0
Aradhya Iyer,Female,25,Student,478876,Divorced,0.3,0,1,0,1,0,1,1,0,1,1,1,0,1,1,1,0,0,0,1,1,1,0,1,0
Gokul Sura,Female,18,Student,0,Single,5.2,0,0,0,0,1,1,1,0,0,0,1,0,0,0,0,0,1,0,1,1,0,1,0,0
Nayantara Acharya,Other,48,Business,6069688,Divorced,5.6,0,1,0,0,0,1,0,1,1,0,0,0,0,0,1,1,1,0,1,0,0,1,0,1
Miraan Khare,Other,64,Retired,470039,Single,8.6,0,1,0,0,1,1,1,0,1,1,1,1,1,1,0,1,0,0,1,0,1,1,0,0
Gatik Koshy,Female,43,Business,2989004,Single,1.3,0,0,0,0,1,1,1,1,1,1,0,1,0,0,1,1,0,0,0,0,0,1,0,0
Arhaan Gulati,Female,32,Business,5457326,Married,9.9,1,0,1,0,1,0,0,0,1,0,1,0,1,0,0,1,1,0,0,1,0,1,0,0
Samaira Sehgal,Male,21,Student,0,Single,6.6,0,1,0,1,0,0,1,1,0,1,1,1,0,0,1,1,1,1,0,1,0,0,1,0
Hiran Rattan,Male,49,Job,4968110,Divorced,9.1,0,1,0,0,1,1,0,1,1,0,0,0,0,1,0,1,0,1,1,1,1,1,1,0
Ivan Kuruvilla,Other,41,Business,5949239,Married,0.6,1,0,1,0,0,1,1,1,1,0,0,1,1,0,1,1,0,0,0,0,0,1,0,1
Tiya Sharaf,Male,53,Business,3438622,Divorced,7.4,0,0,1,0,0,0,1,1,0,0,0,0,0,1,0,1,0,1,1,1,1,0,0,1
Tejas Ravi,Male,18,Student,476820,Single,6.6,1,0,1,0,0,1,1,0,0,0,0,1,1,1,0,1,1,0,0,1,1,0,0,1
Aayush Chanda,Male,28,Business,3635620,Divorced,2.5,1,1,0,0,0,0,1,0,0,0,0,1,1,0,1,0,0,0,0,1,0,0,1,1
Amira Sridhar,Female,18,Student,0,Divorced,8.0,0,0,0,0,0,0,1,0,1,0,1,1,0,0,1,1,1,1,0,0,1,1,0,0
Arnav Babu,Female,64,Retired,216788,Divorced,1.2,1,1,1,0,0,1,0,1,0,1,0,0,1,0,1,0,0,0,0,0,1,1,1,0
Gokul Kala,Female,20,Student,0,Single,1.4,1,1,0,1,0,1,1,0,0,1,1,1,0,1,0,1,1,1,1,0,1,1,1,1
Indranil Gandhi,Male,59,Job,6098944,Married,6.5,0,1,0,0,1,0,0,0,1,1,0,0,1,1,0,1,1,1,1,1,0,0,1,0
Ahana  Raja,Female,18,Student,254252,Single,9.3,0,0,1,0,1,0,1,0,0,0,1,1,1,1,1,0,1,1,1,1,0,1,1,0
Krish Mallick,Other,28,Job,3589793,Single,8.3,0,1,0,0,1,1,1,0,1,0,1,1,0,0,0,1,1,1,0,0,0,1,0,0
Dhanuk Bhasin,Female,39,Job,2706481,Divorced,2.0,1,0,1,0,0,1,1,1,0,0,0,0,1,0,1,1,1,1,0,1,0,0,1,1
Kiaan Babu,Male,30,Job,1118046,Divorced,9.0,1,1,1,0,1,0,1,0,1,0,1,1,0,1,1,1,1,0,0,1,1,0,1,0
Nishith Mander,Female,66,Retired,405011,Divorced,9.5,1,0,0,0,0,1,1,1,1,1,0,0,0,0,0,1,0,0,0,0,1,1,1,1
Hazel Koshy,Other,64,Retired,226203,Divorced,7.9,0,0,0,0,1,0,1,0,1,0,0,1,0,1,0,0,0,1,1,1,1,1,1,1
Rasha Hayre,Male,19,Student,0,Divorced,7.2,0,1,0,0,1,1,0,1,0,0,0,1,0,1,0,0,1,0,1,0,0,0,1,0
Darshit Chana,Male,32,Job,6705942,Single,0.5,1,1,1,0,0,0,0,0,0,0,0,0,1,1,1,0,1,1,1,1,1,1,1,0
Vihaan Chadha,Other,38,Business,1914220,Married,8.8,0,1,1,0,0,1,1,0,1,1,0,1,1,1,0,1,0,0,0,1,0,0,1,1
Shanaya Virk,Male,62,Retired,355795,Divorced,6.4,1,1,1,0,1,1,1,1,1,1,1,1,0,0,0,1,0,1,0,1,0,0,1,1
Ritvik Taneja,Female,42,Business,6391660,Single,2.3,1,1,0,0,0,0,1,1,0,0,1,1,1,1,0,1,1,0,1,0,0,0,0,1
Gatik Tara,Other,25,Student,0,Single,1.0,0,0,1,1,0,0,1,1,0,0,1,0,0,1,0,0,0,1,0,0,1,0,0,1
Mannat Kaul,Female,18,Student,0,Single,5.7,0,0,1,1,1,1,1,1,1,1,1,0,0,1,0,1,1,0,1,0,0,0,0,0
Seher Mall,Male,46,Job,6890893,Single,2.0,0,1,1,0,1,0,1,0,0,1,1,0,1,0,1,1,0,1,1,0,0,0,1,0
Anahita Kakar,Other,22,Student,212194,Single,8.5,1,0,0,1,1,0,1,0,0,0,0,1,1,0,0,0,0,1,1,0,1,1,0,1
Nishith Balay,Female,47,Job,5762375,Married,1.6,0,1,0,0,1,1,0,0,1,0,0,0,1,0,0,0,0,0,0,1,0,0,0,1
Adira Johal,Female,45,Job,1551099,Single,0.6,1,0,1,0,0,1,0,1,1,0,0,0,0,1,1,0,0,0,1,1,0,1,1,0
Vritika Rout,Male,41,Business,4158689,Divorced,6.8,1,0,0,0,0,1,1,1,0,0,0,0,0,1,1,0,1,1,0,1,0,0,1,0
Ishita Agarwal,Male,42,Business,5139275,Single,9.7,1,0,0,0,1,0,1,0,1,0,1,1,1,0,0,0,0,0,0,0,0,1,1,1
Misha Srinivas,Male,52,Job,1078574,Single,9.3,1,0,0,0,0,1,1,0,1,0,0,0,1,0,1,0,1,0,0,0,1,0,1,1
Sara Varughese,Other,52,Job,4953620,Married,1.7,0,0,0,0,1,1,1,0,1,0,1,0,1,1,0,1,0,1,1,0,0,0,0,1
Kimaya Chander,Female,56,Job,3754216,Married,9.0,0,0,1,0,0,0,0,1,0,0,1,0,0,1,0,0,0,0,1,1,0,0,1,0
Rhea Setty,Male,35,Business,6576688,Married,0.9,1,1,0,0,1,0,1,0,1,0,0,0,0,1,1,1,1,1,0,1,1,1,0,1
Aradhya Iyer,Other,60,Retired,339993,Divorced,8.2,0,0,1,0,1,0,0,1,0,0,0,1,1,0,0,0,0,1,1,0,0,1,0,1
Raghav Baral,Female,26,Job,6488929,Divorced,9.6,1,0,0,0,0,1,0,1,1,0,1,1,0,1,0,1,1,1,0,0,1,0,0,0
Madhup Chand,Other,19,Student,0,Single,8.0,0,0,1,0,0,1,0,1,1,1,0,0,0,1,0,1,0,0,1,1,1,0,0,1
Badal Sanghvi,Female,34,Job,6170690,Single,0.5,1,1,1,0,1,1,0,0,1,1,0,1,1,1,1,1,1,0,1,1,0,1,0,0
Sana Madan,Male,49,Job,6678075,Married,0.1,0,1,0,0,1,0,1,1,1,0,0,0,1,1,0,1,0,1,1,1,1,0,0,0
Vidur Ramesh,Male,45,Job,5674516,Divorced,4.8,0,1,1,0,0,0,0,0,1,1,1,1,1,0,0,1,1,1,0,1,1,0,1,0
Nayantara Hari,Other,32,Job,6859500,Single,6.4,0,1,0,0,1,1,1,1,0,0,1,1,0,1,0,0,1,1,1,0,1,1,1,0
Samiha Tiwari,Male,39,Business,5477347,Single,4.0,1,1,1,0,0,1,1,0,0,0,1,0,0,1,1,1,0,0,0,0,0,1,0,1
Jivika Sha,Female,65,Retired,446482,Single,3.8,0,0,0,0,1,1,0,0,1,0,1,1,1,0,1,0,1,1,0,0,1,1,1,0
Ivana Balay,Male,53,Business,3590970,Married,7.8,1,1,1,0,0,1,1,0,1,0,1,0,0,0,0,0,0,1,1,0,1,0,0,1
Indranil Bora,Male,59,Business,6558053,Divorced,9.6,1,1,1,0,1,0,1,0,0,1,0,0,1,1,1,0,1,1,1,0,1,0,0,0
Renee Dhar,Male,58,Business,1282240,Single,8.4,0,1,1,0,1,0,1,0,1,1,1,0,1,0,1,1,1,0,0,1,0,1,1,1
Mehul Lanka,Male,50,Business,6320475,Married,8.7,0,1,0,0,0,1,0,1,0,1,0,1,0,1,0,0,1,1,1,1,0,0,1,1
Hrishita Kohli,Female,29,Job,4658314,Married,0.9,1,1,1,0,0,1,1,1,1,0,0,1,0,1,0,1,0,0,0,1,1,0,1,1
Vihaan Sandal,Other,19,Student,483493,Single,7.6,1,0,0,0,0,0,1,1,1,0,1,0,0,0,0,1,1,0,1,0,0,0,0,1
Ela Salvi,Male,58,Business,2469013,Single,2.6,1,1,1,0,1,1,1,1,1,0,1,1,1,0,0,1,1,0,1,0,0,1,1,1
Gokul Lad,Female,39,Business,6902486,Single,7.1,1,1,0,0,0,0,1,0,1,0,0,1,1,1,1,0,1,1,0,0,0,1,0,0
Tushar Andra,Other,24,Student,0,Married,2.4,1,1,0,1,1,0,0,0,1,1,1,1,1,1,1,0,1,1,0,0,0,0,1,0
Adira Dora,Other,53,Business,1758083,Single,9.0,0,1,1,0,1,0,1,1,0,1,0,0,0,0,0,1,0,1,1,1,1,0,0,1
Pihu Cheema,Other,30,Business,6609580,Married,3.8,0,1,0,0,1,1,1,0,0,0,0,0,0,0,0,0,1,1,1,0,0,1,1,0
Arnav Banerjee,Other,51,Job,2969387,Single,6.6,1,1,1,0,1,1,1,1,0,1,1,1,1,0,0,1,0,0,1,0,1,1,1,1
Farhan Varghese,Female,22,Student,0,Single,0.9,0,1,0,0,0,0,0,1,1,0,0,0,0,1,1,1,0,1,0,0,1,1,1,1
Ivana Tiwari,Female,20,Student,0,Single,7.5,0,1,1,1,0,0,0,1,1,1,0,1,0,1,1,1,0,0,1,1,0,0,0,1
Aaina Sastry,Other,61,Retired,351943,Married,8.0,0,0,0,0,0,0,0,1,0,1,1,1,0,1,1,1,1,0,0,0,0,1,1,1
Rohan Sunder,Female,52,Business,4666853,Married,6.2,1,0,1,0,1,1,0,1,1,0,0,1,0,0,1,1,1,0,0,0,0,0,0,1
Zara Rajan,Other,69,Retired,201877,Divorced,0.5,1,0,1,0,1,1,1,0,0,1,1,0,1,1,0,1,1,1,1,1,1,1,1,1
Chirag Gola,Female,53,Job,2258468,Divorced,6.5,1,0,1,0,1,1,0,0,0,0,0,0,1,1,1,1,0,1,0,0,0,1,0,1
Samarth Agarwal,Other,35,Business,5953526,Divorced,1.1,0,1,1,0,0,0,0,1,0,0,1,1,0,0,1,1,0,1,0,1,0,1,1,0
Amani Sekhon,Male,50,Job,3177605,Single,0.0,1,0,0,0,1,1,0,0,1,0,0,1,0,1,1,0,1,1,0,1,0,1,1,0
Diya Gulati,Female,66,Retired,385400,Married,9.1,0,1,1,0,1,0,0,0,0,0,1,1,1,0,1,0,0,1,1,1,0,0,1,1
Khushi Borde,Female,43,Business,4939515,Married,9.2,1,0,0,0,0,0,1,0,1,1,1,1,0,0,0,0,1,1,1,1,0,1,1,0
Anika Choudhary,Other,44,Business,1468715,Divorced,8.7,0,0,1,0,1,0,1,1,1,0,1,0,0,1,1,0,1,0,0,0,0,0,1,1
Rati Tripathi,Male,47,Job,2546442,Single,0.4,0,1,1,0,0,0,1,0,1,0,1,0,0,1,1,1,0,0,1,1,0,1,1,0
Hrishita Virk,Female,43,Business,2890541,Single,4.2,0,0,1,0,1,0,0,0,1,1,0,0,0,1,0,0,0,0,1,1,1,1,1,0
Rasha Kashyap,Female,39,Job,1555157,Single,10.0,0,1,0,0,1,0,0,0,0,1,1,0,1,1,1,0,0,1,1,0,1,0,1,0
Jayan Chopra,Female,39,Business,2355295,Single,6.2,1,1,0,0,1,0,0,1,0,0,1,0,1,1,0,0,0,1,1,1,0,1,1,0
Zeeshan Zachariah,Other,21,Student,0,Single,8.3,1,1,0,1,0,1,1,1,1,0,0,0,0,0,0,1,1,1,0,0,0,0,0,1
Hiran Sawhney,Male,35,Job,1225559,Single,7.4,0,0,1,0,0,1,1,1,1,0,1,1,1,0,0,0,0,1,1,0,0,0,0,0
Vaibhav Chand,Other,23,Student,0,Married,9.2,0,1,0,0,1,0,0,0,0,1,0,1,1,1,0,0,0,0,1,1,0,1,1,0
Samaira Kulkarni,Male,26,Job,4675177,Single,4.9,1,0,0,0,1,0,1,0,0,0,0,1,1,0,1,0,0,0,1,0,1,1,0,0
Lavanya Krishnamurthy,Other,44,Business,5709583,Single,6.5,1,1,1,0,1,0,1,0,1,1,1,0,1,1,0,0,1,0,1,1,1,1,1,0
Rania Kashyap,Male,22,Student,0,Single,0.6,0,0,0,0,1,1,1,0,1,1,1,0,0,0,0,1,0,0,0,1,0,0,0,0
Priyansh Bhakta,Other,26,Business,5223727,Married,7.1,0,0,0,0,1,1,0,0,1,1,0,0,0,1,0,0,0,1,0,0,0,0,1,1
Divij Cheema,Male,59,Job,5020689,Single,7.3,1,0,1,0,0,0,1,1,1,0,1,1,0,0,0,1,0,1,0,1,0,1,1,0
Advika Date,Male,39,Business,6396419,Single,0.3,0,1,1,0,1,0,0,0,1,0,1,1,0,0,1,0,1,0,0,0,0,1,0,0
Jivin Raval,Other,39,Job,6297370,Married,6.2,0,0,0,0,0,1,1,1,0,1,0,0,0,1,0,0,0,0,0,1,1,1,1,0
Tarini Malhotra,Female,63,Retired,304056,Divorced,6.0,1,0,0,0,1,1,1,0,1,1,1,1,1,1,1,0,0,0,1,0,0,0,0,1
Devansh Sharma,Other,34,Business,3858648,Married,8.3,1,0,0,0,0,0,1,1,0,1,0,1,0,1,0,0,1,0,0,1,1,1,0,0
Prisha Dalal,Male,21,Student,0,Single,8.5,1,0,0,0,0,0,1,1,0,0,1,1,0,1,1,1,1,0,1,0,0,1,0,1
Yashvi Ganguly,Other,63,Retired,474748,Single,6.8,1,1,1,0,0,0,1,0,0,1,0,0,1,0,1,0,0,1,0,0,0,1,1,1
Devansh Soni,Other,62,Retired,201859,Divorced,7.3,0,0,0,0,1,0,0,1,0,0,0,1,0,1,1,0,1,1,1,1,0,0,0,0
Prisha Karnik,Male,70,Retired,277253,Single,6.0,1,1,0,0,1,1,1,0,1,0,0,0,0,1,1,0,1,1,1,0,0,1,1,0
Vaibhav Gara,Other,41,Business,2585455,Single,7.8,0,1,1,0,1,1,1,0,1,0,0,1,1,1,1,0,0,0,1,0,0,1,0,1
Elakshi Ramesh,Female,53,Business,3131171,Married,7.0,1,0,1,0,0,1,0,0,0,0,1,0,0,1,1,0,0,0,0,1,0,0,1,0
Anahita Chaudhry,Other,68,Retired,299576,Single,6.6,1,1,0,0,1,0,1,0,1,0,0,0,1,0,1,0,0,1,1,0,0,0,0,0
Tanya Vyas,Female,36,Job,2435390,Single,3.8,0,0,0,0,0,0,0,1,1,1,0,0,1,0,0,0,1,1,0,1,0,1,0,0
Raghav Babu,Other,52,Job,2144797,Single,6.6,0,1,1,0,0,1,0,1,0,0,0,0,0,1,1,0,0,0,1,0,1,1,0,0
Divit Gara,Female,61,Retired,261694,Married,6.6,0,1,0,0,0,1,0,1,0,0,0,0,0,1,1,0,1,1,1,1,0,1,0,1
Romil Tata,Male,32,Job,1913239,Divorced,5.0,0,0,1,0,0,1,1,1,1,1,0,0,0,0,1,0,1,0,0,0,0,0,1,1
Zara Dar,Female,23,Student,0,Divorced,5.1,0,1,0,0,1,0,1,1,1,0,0,1,1,1,1,1,0,1,1,0,1,0,1,1
Nakul Sarna,Female,53,Business,5563002,Single,6.4,0,1,1,0,0,1,1,1,0,0,1,0,0,0,1,1,1,0,0,0,0,0,1,0
Piya Dyal,Male,31,Job,4628410,Divorced,7.4,1,0,1,0,1,0,1,1,0,1,0,0,1,1,1,0,1,1,1,1,1,0,1,1
Madhav Sandhu,Other,48,Job,4500065,Single,8.3,0,1,0,0,1,1,1,0,0,1,1,1,1,1,1,1,0,0,0,1,0,0,0,0
Nitya Chauhan,Male,46,Business,5729387,Married,8.4,0,0,1,0,1,1,0,1,1,0,1,1,1,1,1,0,0,1,0,1,1,1,0,1
Alia Ramesh,Other,35,Job,4996216,Single,6.9,0,0,0,0,1,1,0,1,1,0,0,1,0,1,0,1,1,1,1,1,1,1,0,1
Tara Bhargava,Male,47,Business,4843769,Single,1.1,1,1,0,0,1,0,1,1,1,0,0,1,1,1,1,0,0,0,0,1,1,0,0,1
Heer Lad,Male,20,Student,0,Single,5.9,1,0,0,1,1,0,0,1,0,0,1,1,0,1,1,0,0,0,0,1,0,0,1,0
Hrishita Jayaraman,Other,35,Job,1051391,Married,2.3,0,0,0,0,0,1,0,0,1,1,0,1,1,1,0,1,0,1,0,0,0,1,0,0
Advika Ramesh,Male,32,Business,3085337,Single,1.9,1,1,1,0,0,1,1,0,1,0,1,0,1,1,0,1,0,1,0,0,0,0,0,1
Rati Sanghvi,Male,46,Job,6325604,Divorced,4.7,1,1,0,0,1,1,1,0,0,1,1,1,0,0,1,1,1,1,1,1,0,0,0,1
Azad Lad,Male,42,Job,6130243,Divorced,9.0,1,0,1,0,1,1,1,1,0,0,1,1,1,1,0,1,1,0,0,0,1,1,1,1
Tiya Bail,Male,55,Job,6421478,Divorced,8.5,1,1,0,0,1,1,0,0,1,1,0,0,1,0,1,1,1,0,1,0,0,0,0,1
Ela Bera,Female,50,Business,2286916,Single,3.3,0,0,0,0,1,1,0,0,1,1,0,0,0,1,1,1,0,1,0,0,1,0,0,1
Dishani Dixit,Male,49,Business,4016605,Single,6.3,0,0,1,0,0,1,0,0,1,0,0,1,1,0,0,0,0,1,0,1,0,1,1,1
Himmat Mangat,Male,32,Job,5790710,Divorced,8.6,1,0,1,0,1,0,0,1,1,0,0,1,0,0,1,0,0,0,0,1,1,1,1,1
Aarna Sehgal,Male,25,Student,0,Single,7.2,0,0,1,0,1,0,0,0,0,1,1,1,0,1,1,0,0,1,1,1,0,1,0,0
Biju Basak,Male,41,Business,6438835,Single,2.4,1,1,1,0,1,0,1,0,0,0,0,1,0,1,1,0,0,0,0,0,1,0,0,0
Eshani Kannan,Male,37,Business,2629227,Married,7.5,0,1,0,0,0,0,1,1,0,1,1,0,1,0,1,0,0,0,0,0,1,0,1,0
Arnav Zachariah,Female,25,Student,0,Single,9.3,0,0,1,1,1,0,1,0,1,0,1,1,0,0,0,0,1,1,1,0,1,0,1,1
Darshit Vig,Female,44,Business,1186114,Married,8.7,0,0,0,0,0,1,0,0,0,1,0,0,0,1,0,1,1,1,0,0,0,1,0,0
Anya Verma,Male,59,Business,5000924,Divorced,7.4,1,0,0,0,1,1,0,0,0,0,1,0,1,1,0,0,1,1,0,0,1,1,0,1
Biju Borra,Other,44,Job,6796646,Single,6.1,1,1,1,0,0,1,1,0,1,1,1,1,0,1,1,1,1,0,0,0,1,0,0,0
Jhanvi Gandhi,Male,69,Retired,399290,Married,8.3,1,1,1,0,0,1,0,0,1,1,1,0,0,1,1,1,0,1,0,1,1,0,0,1
Darshit Upadhyay,Male,59,Business,1110913,Single,6.9,0,1,0,0,0,0,0,0,0,0,1,1,1,0,1,0,0,1,1,0,1,0,1,0
Indrans Toor,Male,54,Business,6581006,Single,8.2,1,0,0,0,1,0,0,1,0,1,1,1,1,1,0,0,1,0,1,1,0,0,1,1
Misha Sibal,Male,66,Retired,361755,Single,6.9,1,1,0,0,1,1,1,1,0,1,0,0,0,0,1,1,1,0,0,1,1,1,1,1
Vivaan Kala,Female,59,Job,3308072,Divorced,0.7,0,1,1,0,0,1,1,1,1,1,0,1,1,0,1,0,1,1,0,1,1,0,1,0
Umang Solanki,Other,19,Student,0,Divorced,0.5,0,1,1,0,0,1,0,1,0,1,0,0,0,1,0,1,1,0,1,1,0,0,1,1
Aradhya Sekhon,Male,56,Job,3616979,Divorced,9.7,0,0,1,0,1,1,0,0,1,0,0,0,0,1,0,0,0,0,1,1,0,0,1,1
Pihu Ravel,Female,70,Retired,493585,Married,6.8,1,0,1,0,0,0,1,1,1,1,1,1,1,0,0,1,0,1,1,1,0,0,1,0
Sahil Kumar,Male,58,Job,2366299,Single,8.7,1,0,1,0,0,1,1,1,0,0,0,0,1,0,1,0,0,0,1,1,1,1,1,1
Zara Bose,Male,34,Business,3300658,Married,8.9,0,0,1,0,0,1,0,1,1,1,0,0,1,0,0,0,1,0,0,1,1,0,0,0
Jhanvi Shanker,Female,43,Business,2174044,Single,8.4,0,1,0,0,1,0,0,1,0,1,0,0,1,0,1,1,0,1,1,0,1,0,1,1
Gokul Kaul,Other,58,Job,2051238,Single,8.2,1,1,0,0,0,0,0,0,0,1,1,1,1,0,1,1,0,1,0,1,1,1,1,1
Hunar Sehgal,Female,53,Business,2865521,Single,3.6,0,1,0,0,0,0,0,0,0,1,1,0,1,1,0,1,1,0,0,1,1,0,0,1
Anahi Mallick,Male,40,Business,4127349,Divorced,6.5,0,1,0,0,1,1,0,1,0,0,1,0,0,1,1,1,1,0,0,1,0,1,0,0
Vaibhav Zacharia,Female,69,Retired,474910,Married,8.1,0,0,1,0,1,0,1,0,0,1,1,0,0,1,0,1,1,1,0,0,0,1,0,1
Aarush Anand,Female,22,Student,0,Married,1.4,0,1,0,1,1,0,1,1,0,1,0,0,1,1,1,0,0,0,0,1,1,0,0,0
Indranil Deshmukh,Other,50,Job,2509225,Single,4.0,1,0,0,0,1,1,1,0,0,0,0,0,1,1,1,1,1,0,1,0,1,1,1,0
Onkar Rege,Female,54,Business,5468493,Divorced,2.5,1,1,0,0,1,1,0,0,0,1,0,1,1,0,1,1,0,0,0,0,1,0,0,1
Saksham Doshi,Other,29,Job,4615305,Single,9.2,0,0,0,0,0,0,0,1,0,0,1,1,1,0,1,1,1,0,0,0,1,1,1,1
Veer Subramanian,Female,54,Job,5739372,Married,2.8,1,1,1,0,0,0,1,0,1,1,1,0,1,1,0,1,0,0,1,1,1,0,1,0
Sara Master,Other,54,Job,3844564,Married,6.9,0,1,1,0,1,0,1,1,1,1,0,1,1,0,1,0,0,1,0,0,0,1,1,0
Hridaan Das,Male,28,Job,5036147,Single,9.4,1,1,0,0,0,0,1,0,1,0,1,0,0,0,1,0,0,1,1,1,1,0,1,0
Bhavin Arora,Male,39,Business,5454632,Divorced,0.0,0,1,1,0,0,0,1,0,0,0,0,1,1,1,0,0,0,0,1,0,0,1,1,1
Aaryahi Bhatia,Female,38,Job,2119960,Married,8.2,1,1,1,0,1,1,0,0,1,0,0,1,1,0,1,1,1,0,1,1,0,1,0,0
Dhruv Bumb,Other,53,Business,2927768,Single,0.8,0,0,0,0,1,1,1,1,1,1,0,0,0,1,1,1,1,1,0,0,1,1,0,0
Advika Bahri,Male,52,Job,6843306,Single,4.5,0,0,1,0,1,1,1,1,0,0,1,1,1,1,0,0,1,1,0,0,1,0,1,0
Shaan Bhakta,Female,38,Business,6962973,Single,6.4,1,1,0,0,0,0,0,1,1,1,0,0,1,1,1,1,0,0,0,1,1,1,1,0
Armaan Bhattacharyya,Male,40,Business,1729299,Single,9.0,0,0,0,0,0,1,1,1,0,1,0,0,0,0,0,0,0,0,0,1,0,0,0,0
Nishith Dewan,Other,69,Retired,404110,Married,4.9,1,0,1,0,1,1,1,1,1,1,1,0,0,1,1,1,1,0,1,1,0,0,1,1
Hansh Varughese,Male,38,Job,6815059,Single,2.4,1,0,0,0,0,0,1,0,1,1,1,1,0,0,0,1,1,1,0,1,1,1,0,1
Kabir Sani,Female,64,Retired,209188,Single,6.3,1,0,1,0,1,0,0,1,1,0,1,1,1,0,0,1,0,1,1,0,1,1,0,0
Veer Uppal,Male,22,Student,0,Married,2.5,1,1,0,0,0,0,0,0,0,0,0,1,1,1,1,1,0,1,0,1,1,1,0,1
Kabir Ramaswamy,Male,18,Student,0,Single,8.1,0,1,0,1,1,0,0,1,0,0,0,0,0,0,1,1,0,0,0,0,0,1,0,0
Indrajit Lad,Female,38,Business,6456313,Married,1.8,0,0,0,0,1,0,1,0,1,1,1,0,0,1,1,0,0,1,0,0,0,0,0,0
Krish Sridhar,Female,29,Business,2727804,Married,7.8,0,0,0,0,1,0,1,0,0,1,0,1,1,0,1,0,1,1,0,1,1,0,1,1
Kaira Shankar,Female,46,Business,1696143,Divorced,9.2,1,0,1,0,1,0,0,0,0,1,0,1,0,0,1,1,1,0,1,1,1,0,1,0
Zaina Divan,Other,18,Student,440764,Single,6.5,1,0,0,0,1,1,0,0,0,1,0,0,0,0,1,0,1,0,1,1,0,1,1,0
Mishti Sane,Other,54,Job,5913982,Single,6.2,1,0,1,0,1,1,1,1,0,0,1,0,0,0,1,0,1,1,0,0,1,0,1,1
Samiha Barman,Other,23,Student,333276,Divorced,3.8,0,1,1,1,0,0,1,1,0,1,0,1,0,0,1,0,0,0,1,0,0,0,1,1
Ivan Chahal,Male,44,Job,2959292,Married,3.3,1,0,0,0,1,1,0,1,0,0,1,1,1,0,0,1,0,1,0,1,1,0,1,1
Oorja Date,Male,47,Business,3849879,Single,6.5,0,1,0,0,1,1,1,0,1,0,0,1,0,1,1,0,0,1,1,0,1,1,0,1
Siya Sandhu,Male,36,Job,4231317,Married,1.8,1,1,0,0,1,0,1,0,0,1,1,1,0,1,0,1,1,0,1,0,0,1,1,1
Madhup Yadav,Female,41,Job,3314619,Married,10.0,0,0,1,0,0,0,0,0,1,1,0,0,1,1,1,0,1,1,0,0,0,1,1,0
Jivin Dewan,Male,44,Job,1179086,Married,7.6,1,1,0,0,0,0,0,0,1,1,0,0,0,1,0,0,0,1,0,0,1,1,0,1
Amani Shankar,Other,48,Business,1536548,Married,8.5,0,0,1,0,0,0,1,0,0,0,1,0,1,0,0,1,0,1,1,1,0,1,0,0
Manjari Brahmbhatt,Female,34,Business,5285554,Divorced,8.2,1,0,0,0,0,1,1,1,1,1,1,1,1,1,0,1,0,0,1,0,1,1,1,0
Divit Buch,Other,21,Student,0,Single,8.4,0,0,1,1,1,1,0,0,0,0,1,1,1,1,1,0,0,0,1,1,1,1,0,0
Bhavin Baria,Male,19,Student,0,Single,8.1,0,1,0,0,1,0,1,1,1,1,1,1,0,0,0,1,1,0,1,0,0,1,0,1
Jiya Kanda,Other,62,Retired,476177,Married,5.8,1,1,1,0,0,1,1,0,0,0,1,1,0,0,1,0,0,1,1,1,1,0,1,1
Anay Borra,Male,49,Business,6494652,Single,4.1,0,1,0,0,1,0,1,1,1,0,0,0,1,0,1,1,0,1,1,1,1,0,1,0
Alia Dhar,Other,52,Job,2133571,Single,6.0,0,0,0,0,0,0,0,1,0,0,0,0,1,1,1,1,0,1,1,0,0,0,0,0
Heer Shankar,Male,22,Student,0,Single,7.9,1,1,1,1,0,1,1,1,1,0,0,1,0,0,1,1,1,1,1,0,1,1,0,1
Madhav Majumdar,Male,67,Retired,461679,Single,9.8,0,0,0,0,0,1,0,1,0,1,0,1,1,0,0,0,1,1,1,1,0,0,1,1
Sumer Buch,Female,45,Job,1992319,Single,3.6,0,0,1,0,0,1,0,0,1,0,0,0,0,1,0,0,0,0,0,0,1,1,0,1
Kabir Issac,Male,56,Business,2630747,Married,0.0,0,1,0,0,1,1,0,1,0,1,1,0,0,1,0,1,1,0,1,1,1,1,0,0
Misha Suresh,Female,18,Student,316703,Single,6.4,0,1,1,1,1,1,1,1,1,1,0,0,1,1,1,1,1,1,1,0,0,1,1,0
Ivan Sachdev,Female,52,Job,3760740,Single,9.4,1,0,1,0,1,0,1,0,0,1,0,0,1,0,0,0,0,1,0,0,1,0,1,0
Neelofar Soni,Male,24,Student,250193,Single,5.7,0,0,0,1,1,1,1,1,1,1,1,0,0,1,0,0,1,0,0,0,1,1,1,1
Myra Chadha,Other,53,Job,5307985,Divorced,6.8,0,1,1,0,0,0,1,1,0,0,0,1,1,0,1,1,0,0,0,1,0,0,1,0
Kartik Dave,Male,41,Business,6279947,Married,9.0,1,1,1,0,1,1,1,1,1,0,0,0,0,1,0,0,0,1,1,0,0,0,0,1
Tara Wagle,Male,46,Business,5272132,Single,4.9,0,0,1,0,1,0,0,1,1,1,0,1,0,1,1,0,1,0,0,1,0,1,1,0
Dhruv Badami,Female,18,Student,0,Single,6.6,0,0,1,0,0,0,1,1,0,0,0,0,0,1,1,1,1,1,0,0,1,1,1,0
Farhan Loke,Other,35,Job,3712670,Divorced,7.0,0,0,0,0,0,1,0,1,1,0,0,1,0,0,0,0,1,1,1,0,0,0,1,0
Veer Johal,Other,69,Retired,467233,Single,9.3,0,0,1,0,0,1,0,1,1,0,0,0,0,1,0,1,0,0,0,0,0,1,0,1
Indranil Mahal,Other,18,Student,346977,Divorced,8.3,0,1,1,1,1,1,0,1,1,1,1,0,0,0,1,0,1,1,0,0,0,0,1,0
Shanaya Basu,Male,29,Business,4309004,Married,1.5,1,0,1,0,1,0,0,0,0,0,1,0,1,1,0,1,0,0,0,1,1,1,1,1
Ritvik Trivedi,Other,58,Business,2439642,Divorced,0.8,0,1,1,0,1,1,1,1,1,0,1,1,0,0,1,1,1,0,0,0,0,0,0,0
Gatik Dhar,Female,40,Business,6682326,Married,9.1,0,0,1,0,1,0,1,0,0,0,1,0,1,1,0,0,0,1,1,0,0,0,0,0
Seher Lall,Other,27,Job,6550154,Married,0.8,1,0,0,0,0,0,1,1,1,1,1,0,1,1,0,0,1,1,0,1,1,0,1,1
Ahana  Khurana,Male,45,Job,3173578,Divorced,7.0,0,1,0,0,1,1,0,0,1,0,1,0,1,1,1,0,1,0,1,1,1,1,0,1
Fateh Chowdhury,Other,41,Business,1726838,Divorced,7.0,0,1,1,0,0,1,1,1,1,1,1,0,1,0,0,1,0,0,1,0,0,1,1,0
Shaan Batta,Female,46,Job,2577143,Divorced,2.2,0,0,0,0,1,1,0,0,1,1,0,1,0,0,1,0,0,0,1,0,0,1,0,1
Tarini Ghosh,Male,39,Business,6291393,Divorced,8.6,1,0,1,0,0,0,1,0,0,0,0,0,0,1,1,1,1,0,0,0,1,0,1,1
Kartik Gade,Other,54,Job,2375696,Divorced,8.0,0,1,0,0,1,1,0,0,0,0,1,0,1,1,0,0,1,0,1,1,0,1,0,1
Nakul Mahal,Other,53,Job,4546458,Married,5.9,1,0,0,0,1,1,1,1,1,1,0,1,0,0,0,0,0,1,1,1,1,0,0,1
Ishita Kashyap,Male,41,Business,6368747,Married,2.0,0,0,1,0,1,1,1,0,1,1,0,0,0,1,1,1,1,0,1,1,0,1,0,1
Lavanya Krishnamurthy,Male,33,Business,3458337,Single,2.8,1,0,1,0,1,0,1,1,1,0,0,1,0,1,1,0,1,1,1,0,1,1,0,0
Samaira Mane,Female,47,Business,1143445,Single,8.3,0,0,1,0,1,0,1,1,1,1,0,0,1,0,0,0,1,0,0,0,1,0,1,1
Tarini Rajan,Other,29,Job,3039744,Divorced,1.1,1,0,1,0,1,1,0,1,0,0,0,0,0,1,1,0,0,0,1,0,1,0,0,1
Jivika Thakur,Male,25,Student,0,Married,9.9,1,1,1,1,0,0,1,0,1,1,1,1,1,0,0,0,1,1,1,1,0,1,1,0
Anahita Issac,Female,37,Business,2434367,Single,8.3,1,1,0,0,1,1,0,1,1,0,1,0,0,0,1,0,0,1,0,0,0,0,0,1
Zara Aggarwal,Male,50,Job,5838511,Divorced,3.3,0,1,0,0,1,1,1,0,1,0,0,0,0,1,1,0,1,0,1,1,0,1,0,1
Shayak Barad,Male,52,Job,4293487,Divorced,1.0,1,0,1,0,1,1,0,0,1,0,1,0,0,1,1,1,0,0,0,1,1,0,0,0
Zoya Bajwa,Other,44,Job,4050876,Married,9.2,1,1,0,0,0,0,0,1,1,0,0,0,1,0,1,1,1,1,1,1,0,0,1,0
